customer_id,age,income,city,segment
1,60,114105.44593327268,Hyderabad,Affluent
2,50,52538.42247250733,Kolkata,Mass
3,36,63592.446680787936,Pune,Mass
4,64,35798.55589459773,Hyderabad,Mass
5,29,31602.411447141207,Bangalore,Mass
6,42,26321.191185054377,Chennai,Youth
7,60,38461.70117562434,Delhi,Mass
8,40,130128.91705926515,Chennai,Premium
9,44,27546.657051960832,Ahmedabad,Youth
10,32,51443.119843152475,Chennai,Mass
11,32,31364.3550683999,Bangalore,Mass
12,45,44334.25990802183,Kolkata,Mass
13,57,65176.0204773595,Hyderabad,Mass
14,61,42190.15012406283,Chennai,Mass
15,45,103242.14521276459,Hyderabad,Affluent
16,24,128925.37923417037,Mumbai,Premium
17,43,19447.07857512338,Pune,Youth
18,23,42552.923320431284,Kolkata,Mass
19,45,61671.12198180816,Hyderabad,Mass
20,65,,Delhi,Unknown
21,51,47709.12042240758,Pune,Mass
22,59,59280.29891464809,Ahmedabad,Mass
23,23,33578.0509673355,Ahmedabad,Mass
24,42,27822.548662186193,Delhi,Youth
25,54,123339.04982263951,Chennai,Premium
26,33,24051.798707106533,Pune,Youth
27,43,191819.38482059666,Hyderabad,Premium
28,65,86040.69833007782,Pune,Mass
29,46,84118.89870326847,Chennai,Mass
30,48,79836.3611962316,Bangalore,Mass
31,63,52767.83803627028,Kolkata,Mass
32,49,72841.5829038866,Delhi,Mass
33,37,54477.96876655963,Chennai,Mass
34,36,78947.36457744021,Bangalore,Mass
35,65,58874.11130194244,Pune,Mass
36,24,37228.3522955743,Pune,Mass
37,58,38743.32228759033,Chennai,Mass
38,28,36602.20678901926,Hyderabad,Mass
39,42,97289.89084045573,Pune,Mass
40,30,43970.60817946436,Hyderabad,Mass
41,60,23016.08088357201,Hyderabad,Youth
42,39,73014.93826218047,Kolkata,Mass
43,25,127676.98277992298,Hyderabad,Premium
44,46,88127.6485903391,Mumbai,Mass
45,35,44282.2065524642,Kolkata,Mass
46,30,27081.175708494295,Bangalore,Youth
47,47,55986.5044282478,Bangalore,Mass
48,23,55292.25154419428,Pune,Mass
49,41,36879.09708437802,Pune,Mass
50,49,78867.03807141291,Hyderabad,Mass
51,28,150740.22204286314,Kolkata,Premium
52,65,66912.51900499317,Kolkata,Mass
53,29,64876.32885026058,Mumbai,Mass
54,56,37473.37559185274,Hyderabad,Mass
55,35,120415.9588342346,Mumbai,Premium
56,38,57666.282134112436,Ahmedabad,Mass
57,57,44824.86883908534,Hyderabad,Mass
58,61,61811.46826284019,Delhi,Mass
59,25,75809.63441268717,Delhi,Mass
60,23,64190.320309966555,Chennai,Mass
61,27,109433.97713302857,Hyderabad,Affluent
62,63,72546.70035311545,Kolkata,Mass
63,25,51949.58949435101,Pune,Mass
64,50,73174.04848263727,Bangalore,Mass
65,39,76865.97121203506,Chennai,Mass
66,47,31313.73319009356,Pune,Mass
67,65,106373.29782812034,Delhi,Affluent
68,55,51510.862684325635,Hyderabad,Mass
69,31,,Chennai,Unknown
70,57,87176.3182698049,Hyderabad,Mass
71,35,86992.97194478345,Delhi,Mass
72,52,42175.052851751985,Chennai,Mass
73,36,,Delhi,Unknown
74,29,45241.76412409412,Mumbai,Mass
75,35,148714.9288763398,Delhi,Premium
76,44,39573.02623097527,Kolkata,Mass
77,61,67490.27084570826,Kolkata,Mass
78,42,40497.32419068682,Hyderabad,Mass
79,37,181924.64003486422,Bangalore,Premium
80,39,32244.073179548388,Delhi,Mass
81,45,77822.14996967983,Pune,Mass
82,47,41462.50454038418,Kolkata,Mass
83,46,50158.645897373106,Ahmedabad,Mass
84,62,75114.50164187628,Bangalore,Mass
85,50,110447.12943791617,Mumbai,Affluent
86,36,134820.32987017254,Chennai,Premium
87,22,27764.847468147556,Chennai,Youth
88,46,68451.14870096126,Kolkata,Mass
89,28,124212.21606944742,Bangalore,Premium
90,30,25779.748752588763,Kolkata,Youth
91,45,70065.9168361685,Chennai,Mass
92,22,59811.79141116794,Ahmedabad,Mass
93,65,73664.10424261448,Delhi,Mass
94,29,,Bangalore,Unknown
95,45,29207.785688774697,Hyderabad,Youth
96,32,23004.53817514087,Delhi,Youth
97,38,97556.98782308225,Delhi,Mass
98,29,,Delhi,Unknown
99,56,69657.29240868514,Hyderabad,Mass
100,56,45840.61764165543,Ahmedabad,Mass
101,54,26594.9613333105,Mumbai,Youth
102,26,79353.88866567466,Ahmedabad,Mass
103,63,,Ahmedabad,Unknown
104,60,41954.90741865653,Ahmedabad,Mass
105,62,44654.83915747435,Pune,Mass
106,49,54243.17120920059,Kolkata,Mass
107,28,40965.26438157965,Chennai,Mass
108,30,60884.22479002404,Kolkata,Mass
109,29,43874.60025575877,Bangalore,Mass
110,33,85023.80307274681,Ahmedabad,Mass
111,55,100260.93905725674,Mumbai,Affluent
112,54,63213.38451505814,Bangalore,Mass
113,44,75456.6175188498,Kolkata,Mass
114,45,172633.81861823963,Chennai,Premium
115,58,33312.84614069761,Hyderabad,Mass
116,56,32314.326293011123,Kolkata,Mass
117,65,84753.21421705102,Delhi,Mass
118,61,158462.20961938295,Kolkata,Premium
119,43,52562.10590442722,Delhi,Mass
120,48,141976.51294530416,Hyderabad,Premium
121,56,62831.81669286829,Kolkata,Mass
122,22,42597.734878622214,Mumbai,Mass
123,56,36484.901836561934,Mumbai,Mass
124,58,82019.04804017658,Bangalore,Mass
125,35,37892.95409897002,Hyderabad,Mass
126,24,62357.44941665,Ahmedabad,Mass
127,22,132155.23227354678,Mumbai,Premium
128,26,51359.73627737331,Kolkata,Mass
129,47,115497.56625329649,Hyderabad,Affluent
130,35,32621.54553834637,Chennai,Mass
131,60,45846.10161621182,Delhi,Mass
132,48,29626.603006350342,Kolkata,Youth
133,30,62099.82053530254,Delhi,Mass
134,36,88436.41426289076,Delhi,Mass
135,36,62167.86739045188,Ahmedabad,Mass
136,47,110583.37385756892,Hyderabad,Affluent
137,63,,Hyderabad,Unknown
138,34,67014.97473078845,Bangalore,Mass
139,53,45993.95888192529,Delhi,Mass
140,60,71742.4780590151,Bangalore,Mass
141,53,77023.66745140128,Ahmedabad,Mass
142,25,80113.36555450989,Delhi,Mass
143,51,35056.02695972031,Bangalore,Mass
144,58,38373.6747122208,Bangalore,Mass
145,44,42102.23667386109,Chennai,Mass
146,60,53133.3263939376,Bangalore,Mass
147,36,62541.9744872233,Hyderabad,Mass
148,64,85309.79534373926,Bangalore,Mass
149,50,39181.13462346057,Delhi,Mass
150,57,26889.478389779404,Bangalore,Youth
151,34,175935.29803056738,Mumbai,Premium
152,53,34005.36174929204,Pune,Mass
153,28,90958.79324835762,Delhi,Mass
154,43,60817.535464976216,Mumbai,Mass
155,49,67890.59696669255,Ahmedabad,Mass
156,23,59827.74210016571,Delhi,Mass
157,63,49393.7441751511,Hyderabad,Mass
158,27,75507.41493404876,Pune,Mass
159,49,48084.078686991896,Pune,Mass
160,49,107275.0497497227,Hyderabad,Affluent
161,65,79556.32203895946,Pune,Mass
162,65,80805.23698993848,Hyderabad,Mass
163,41,46464.24959539259,Mumbai,Mass
164,51,53200.47646802445,Ahmedabad,Mass
165,32,,Chennai,Unknown
166,49,50186.02957537399,Delhi,Mass
167,46,35657.402278054935,Hyderabad,Mass
168,60,115443.23979363317,Delhi,Affluent
169,54,61406.31185523644,Ahmedabad,Mass
170,22,65202.20833567417,Mumbai,Mass
171,48,53499.454486868904,Chennai,Mass
172,34,66091.10586422206,Ahmedabad,Mass
173,62,205343.36700316676,Mumbai,Premium
174,24,51530.53676408649,Pune,Mass
175,60,43251.7720011247,Delhi,Mass
176,27,,Kolkata,Unknown
177,29,,Chennai,Unknown
178,48,61819.76371015333,Pune,Mass
179,30,49719.0554646528,Ahmedabad,Mass
180,58,36455.34503878137,Chennai,Mass
181,54,77178.70339184179,Pune,Mass
182,63,61512.4092106104,Mumbai,Mass
183,65,24313.707045713592,Hyderabad,Youth
184,45,43335.83801319693,Delhi,Mass
185,36,14127.300321908306,Bangalore,Youth
186,53,69330.11544357397,Bangalore,Mass
187,53,68985.36842075335,Mumbai,Mass
188,45,40269.879159482036,Ahmedabad,Mass
189,62,78437.41744718843,Delhi,Mass
190,33,31531.763739789778,Ahmedabad,Mass
191,60,36928.59591802741,Delhi,Mass
192,23,73761.72408349835,Mumbai,Mass
193,24,42432.36275157269,Delhi,Mass
194,58,58027.45397301481,Hyderabad,Mass
195,38,45169.41539729959,Ahmedabad,Mass
196,23,48753.60497272418,Mumbai,Mass
197,23,49830.76742513507,Hyderabad,Mass
198,49,42050.29250038914,Delhi,Mass
199,44,69649.08605675383,Mumbai,Mass
200,58,43740.76381170673,Delhi,Mass
201,53,60345.6024781825,Ahmedabad,Mass
202,54,41590.795481896654,Mumbai,Mass
203,22,27801.651011211296,Delhi,Youth
204,40,94487.00819659674,Ahmedabad,Mass
205,23,76861.73924072093,Hyderabad,Mass
206,65,188027.03494997515,Kolkata,Premium
207,47,35525.76830874671,Hyderabad,Mass
208,53,53934.183404633295,Delhi,Mass
209,27,56147.99544740134,Mumbai,Mass
210,53,98192.46096462276,Bangalore,Mass
211,25,46464.60193336704,Hyderabad,Mass
212,32,33338.86367905192,Hyderabad,Mass
213,38,109524.6212137437,Ahmedabad,Affluent
214,59,51106.90965608876,Pune,Mass
215,45,92903.97899788516,Bangalore,Mass
216,26,87649.32597818707,Delhi,Mass
217,55,58985.96203980027,Kolkata,Mass
218,27,54876.64611583452,Mumbai,Mass
219,43,49227.98771972598,Pune,Mass
220,32,59421.02717855549,Delhi,Mass
221,37,92184.76092596326,Chennai,Mass
222,54,40206.337420982636,Kolkata,Mass
223,30,63222.96061987704,Hyderabad,Mass
224,27,34224.06347115035,Chennai,Mass
225,37,36422.67806824409,Hyderabad,Mass
226,50,58955.04606812796,Hyderabad,Mass
227,24,22469.65465389213,Chennai,Youth
228,41,167758.26247375607,Kolkata,Premium
229,57,32973.84737768021,Ahmedabad,Mass
230,40,58685.95699216703,Chennai,Mass
231,47,107377.81343600713,Delhi,Affluent
232,24,38892.13525475704,Pune,Mass
233,40,18932.806789253067,Pune,Youth
234,41,47931.44883958401,Chennai,Mass
235,53,38661.123367658125,Delhi,Mass
236,28,19183.64257541942,Ahmedabad,Youth
237,62,69040.24996176016,Pune,Mass
238,54,66406.2814483837,Delhi,Mass
239,61,,Ahmedabad,Unknown
240,60,34186.592609997126,Delhi,Mass
241,39,26914.80421511945,Hyderabad,Youth
242,61,,Pune,Unknown
243,22,57286.98107373295,Ahmedabad,Mass
244,32,94909.09345900374,Pune,Mass
245,49,121210.50242109998,Hyderabad,Premium
246,46,109890.48599099563,Chennai,Affluent
247,44,68752.73753633036,Hyderabad,Mass
248,52,89299.3623902286,Pune,Mass
249,51,43466.82500771214,Pune,Mass
250,63,65133.71542709872,Kolkata,Mass
251,56,33003.039106880235,Ahmedabad,Mass
252,28,61780.4776830067,Chennai,Mass
253,37,62587.65597205003,Hyderabad,Mass
254,47,141642.88900624437,Ahmedabad,Premium
255,23,53396.93195411108,Mumbai,Mass
256,22,62631.3617981339,Ahmedabad,Mass
257,33,67405.41991631636,Mumbai,Mass
258,26,47695.38120268833,Chennai,Mass
259,58,40084.84587014926,Hyderabad,Mass
260,53,114623.2179234762,Hyderabad,Affluent
261,30,36663.65727866162,Delhi,Mass
262,62,30823.755808627087,Pune,Mass
263,56,84131.1937376944,Bangalore,Mass
264,40,106820.74423016334,Kolkata,Affluent
265,37,47776.78691832444,Ahmedabad,Mass
266,24,48145.033051586404,Chennai,Mass
267,41,68959.30059162986,Bangalore,Mass
268,45,42027.25694395284,Ahmedabad,Mass
269,54,40503.50285874809,Bangalore,Mass
270,45,92948.07603332428,Chennai,Mass
271,32,81110.32552164016,Hyderabad,Mass
272,29,115333.06550511296,Chennai,Affluent
273,57,32006.85872005928,Ahmedabad,Mass
274,59,46572.65086630798,Bangalore,Mass
275,61,68912.28762831989,Pune,Mass
276,41,37691.48836420488,Kolkata,Mass
277,56,82523.94053896154,Kolkata,Mass
278,46,110449.48472598539,Pune,Affluent
279,56,44726.480668417214,Pune,Mass
280,46,61040.69000953202,Hyderabad,Mass
281,50,123971.79326485108,Ahmedabad,Premium
282,39,147212.99866253373,Mumbai,Premium
283,39,86933.66412952494,Chennai,Mass
284,23,80556.540763775,Kolkata,Mass
285,56,39070.84175691888,Pune,Mass
286,37,71654.03164201,Chennai,Mass
287,62,79095.43342239488,Kolkata,Mass
288,57,53896.18206525233,Pune,Mass
289,54,44471.85840532937,Ahmedabad,Mass
290,25,31550.703424310854,Kolkata,Mass
291,54,25112.854424032175,Hyderabad,Youth
292,35,22607.9805212972,Mumbai,Youth
293,42,79995.1499692324,Mumbai,Mass
294,41,64463.19131594166,Pune,Mass
295,29,47009.00387858592,Kolkata,Mass
296,28,,Hyderabad,Unknown
297,24,,Delhi,Unknown
298,38,55144.84039711557,Chennai,Mass
299,54,30629.638879674643,Chennai,Mass
300,33,94513.70317736072,Bangalore,Mass
301,43,69707.49235712865,Hyderabad,Mass
302,43,68387.76681673458,Kolkata,Mass
303,51,,Ahmedabad,Unknown
304,59,39861.94235350994,Ahmedabad,Mass
305,59,,Bangalore,Unknown
306,29,55825.08358798077,Pune,Mass
307,48,93367.5786380058,Kolkata,Mass
308,48,86441.61697239609,Bangalore,Mass
309,55,35617.739240250514,Mumbai,Mass
310,42,76991.49209489956,Chennai,Mass
311,51,70483.7408121107,Kolkata,Mass
312,54,60788.4953448093,Bangalore,Mass
313,49,57114.54689789382,Mumbai,Mass
314,54,57357.18368554693,Hyderabad,Mass
315,26,89890.24569258752,Bangalore,Mass
316,40,79933.89478610428,Pune,Mass
317,25,60793.577255721735,Pune,Mass
318,56,28396.80525397009,Pune,Youth
319,38,76666.62126503178,Kolkata,Mass
320,65,85974.56791553291,Ahmedabad,Mass
321,49,189132.8661811411,Ahmedabad,Premium
322,51,102510.09203096392,Chennai,Affluent
323,50,23165.32450202934,Bangalore,Youth
324,27,62268.73292069014,Hyderabad,Mass
325,56,148106.59268147717,Bangalore,Premium
326,62,81778.89062356667,Chennai,Mass
327,58,70567.57781041994,Mumbai,Mass
328,45,93912.08235139938,Chennai,Mass
329,50,43862.31940149015,Pune,Mass
330,52,76042.29657281208,Kolkata,Mass
331,56,52826.38075894031,Mumbai,Mass
332,54,59289.54467787006,Kolkata,Mass
333,42,90601.60959727119,Pune,Mass
334,53,37670.90966869817,Delhi,Mass
335,44,114004.27616597242,Chennai,Affluent
336,54,48464.84745813172,Chennai,Mass
337,24,68208.97385146118,Hyderabad,Mass
338,39,29725.068317151407,Bangalore,Youth
339,46,85812.38697860755,Mumbai,Mass
340,63,123408.09253129238,Ahmedabad,Premium
341,52,46289.90702040747,Kolkata,Mass
342,24,34368.245006106496,Mumbai,Mass
343,61,,Hyderabad,Unknown
344,45,123921.71598232348,Hyderabad,Premium
345,53,29000.597646595343,Kolkata,Youth
346,43,34435.59026941009,Ahmedabad,Mass
347,44,47710.42568645847,Bangalore,Mass
348,23,39728.65869517236,Kolkata,Mass
349,48,39791.44692100067,Kolkata,Mass
350,63,,Pune,Unknown
351,23,80380.62742459401,Ahmedabad,Mass
352,47,70923.72277691979,Bangalore,Mass
353,38,25605.831566643064,Chennai,Youth
354,61,124069.58790729177,Pune,Premium
355,54,138766.2521643539,Delhi,Premium
356,30,41132.22782094268,Ahmedabad,Mass
357,64,107288.23700993865,Bangalore,Affluent
358,60,44958.76869450643,Hyderabad,Mass
359,50,65549.32915907478,Pune,Mass
360,63,39423.5618281857,Bangalore,Mass
361,47,181158.16378259455,Mumbai,Premium
362,56,51636.87801095428,Kolkata,Mass
363,46,63781.88605655117,Delhi,Mass
364,45,42447.83996669642,Chennai,Mass
365,34,151851.4164853189,Kolkata,Premium
366,28,153784.46498385206,Mumbai,Premium
367,57,135329.0623775872,Mumbai,Premium
368,41,96589.00309979991,Delhi,Mass
369,22,43809.46752444946,Chennai,Mass
370,29,90574.23303388637,Hyderabad,Mass
371,37,59663.67173667683,Pune,Mass
372,35,115405.15593504896,Ahmedabad,Affluent
373,33,104605.45985138293,Chennai,Affluent
374,44,43276.59388731236,Ahmedabad,Mass
375,36,96173.86262175885,Bangalore,Mass
376,49,84205.64367657907,Mumbai,Mass
377,55,14961.246474467072,Bangalore,Youth
378,23,89363.56429044485,Hyderabad,Mass
379,53,48247.63575546669,Bangalore,Mass
380,44,38444.80183067899,Chennai,Mass
381,43,39276.030382509365,Bangalore,Mass
382,46,55959.22347110733,Hyderabad,Mass
383,43,76117.21928315537,Hyderabad,Mass
384,43,30250.53014935445,Hyderabad,Mass
385,63,65836.12100287873,Chennai,Mass
386,27,79887.8482413959,Hyderabad,Mass
387,36,,Mumbai,Unknown
388,64,34949.341818203015,Kolkata,Mass
389,58,50271.51565955185,Hyderabad,Mass
390,54,68243.09162745724,Bangalore,Mass
391,29,106266.42521480442,Pune,Affluent
392,65,51425.42913790971,Bangalore,Mass
393,65,109023.71278044794,Pune,Affluent
394,26,22727.22540268012,Bangalore,Youth
395,60,31994.71153007698,Chennai,Mass
396,25,71276.5152075845,Bangalore,Mass
397,27,29572.133200840675,Chennai,Youth
398,53,33281.75861762393,Chennai,Mass
399,51,45986.88692007487,Hyderabad,Mass
400,56,88055.22874330019,Mumbai,Mass
401,61,23202.55264367384,Pune,Youth
402,37,65195.7251825974,Hyderabad,Mass
403,34,100356.28404871446,Hyderabad,Affluent
404,63,54313.46208807638,Kolkata,Mass
405,51,49790.769040745035,Chennai,Mass
406,40,73195.23786025844,Chennai,Mass
407,38,54390.48305182449,Pune,Mass
408,40,120000.34426323656,Bangalore,Premium
409,49,34347.80841221304,Bangalore,Mass
410,47,58347.85770173356,Ahmedabad,Mass
411,58,66359.56489058328,Hyderabad,Mass
412,47,49551.75580159602,Ahmedabad,Mass
413,44,14247.812548158741,Delhi,Youth
414,30,55245.79710426239,Delhi,Mass
415,33,93909.65607005257,Ahmedabad,Mass
416,22,88349.39174018874,Bangalore,Mass
417,22,71495.46078090816,Delhi,Mass
418,55,,Kolkata,Unknown
419,53,72959.1322540162,Bangalore,Mass
420,46,44948.878481335065,Chennai,Mass
421,61,71449.16186900187,Hyderabad,Mass
422,22,63624.41158905203,Mumbai,Mass
423,37,36747.01821558501,Hyderabad,Mass
424,60,38321.71862297066,Ahmedabad,Mass
425,26,71504.18276714077,Bangalore,Mass
426,43,53607.456562523126,Ahmedabad,Mass
427,50,39334.57903546743,Kolkata,Mass
428,24,37744.11713827536,Bangalore,Mass
429,33,51435.536081085644,Hyderabad,Mass
430,47,131144.1524225714,Kolkata,Premium
431,37,46025.96551303807,Kolkata,Mass
432,58,59455.90538760544,Kolkata,Mass
433,43,62995.72486873848,Pune,Mass
434,50,34012.61636248948,Bangalore,Mass
435,35,24799.623685809496,Delhi,Youth
436,49,35834.97434946361,Delhi,Mass
437,26,67747.2189305032,Bangalore,Mass
438,51,62546.49811509944,Bangalore,Mass
439,26,85067.7506603166,Pune,Mass
440,33,62841.75043949171,Delhi,Mass
441,37,56682.75814202277,Bangalore,Mass
442,47,,Bangalore,Unknown
443,47,93181.3986013491,Ahmedabad,Mass
444,42,37813.06401040629,Pune,Mass
445,60,34365.218486363854,Pune,Mass
446,57,79501.22892460276,Hyderabad,Mass
447,54,30743.114967640624,Pune,Mass
448,51,200264.74583123522,Mumbai,Premium
449,58,62317.445539036,Delhi,Mass
450,44,71250.21090255979,Hyderabad,Mass
451,31,39966.2284501885,Mumbai,Mass
452,26,51142.31817934128,Bangalore,Mass
453,57,48369.34099911981,Ahmedabad,Mass
454,55,45664.7756502281,Ahmedabad,Mass
455,52,82164.68581310454,Bangalore,Mass
456,31,47820.6092247053,Hyderabad,Mass
457,40,99583.3852145052,Pune,Mass
458,53,226747.23527281868,Kolkata,Premium
459,22,51649.168719511916,Ahmedabad,Mass
460,26,64612.150271835075,Kolkata,Mass
461,25,72384.03395584626,Bangalore,Mass
462,37,148116.20392103973,Kolkata,Premium
463,45,57450.33460149436,Chennai,Mass
464,37,39556.74649921065,Hyderabad,Mass
465,23,31787.54251443562,Mumbai,Mass
466,49,58163.19389038216,Hyderabad,Mass
467,53,47849.21017489385,Delhi,Mass
468,48,163571.36293592575,Pune,Premium
469,41,145064.13157377802,Pune,Premium
470,45,35696.70212458987,Hyderabad,Mass
471,33,41966.20574346797,Bangalore,Mass
472,56,62123.83768595107,Bangalore,Mass
473,54,120404.62337923884,Chennai,Premium
474,54,61605.50843597194,Chennai,Mass
475,64,43320.43233103755,Pune,Mass
476,58,58137.088476109486,Chennai,Mass
477,33,43728.597323492766,Ahmedabad,Mass
478,24,,Ahmedabad,Unknown
479,22,42002.446441138076,Mumbai,Mass
480,54,46387.34545648178,Chennai,Mass
481,61,107040.9667217812,Mumbai,Affluent
482,31,40774.71860673259,Chennai,Mass
483,64,29054.7129150856,Pune,Youth
484,65,62786.59508920248,Pune,Mass
485,50,49999.250679985766,Mumbai,Mass
486,34,77319.98586147558,Hyderabad,Mass
487,33,70174.19763314306,Pune,Mass
488,52,58926.17997751405,Hyderabad,Mass
489,23,58074.28740242463,Bangalore,Mass
490,56,41442.85524827216,Ahmedabad,Mass
491,44,62422.029910922734,Mumbai,Mass
492,38,93026.75237508783,Kolkata,Mass
493,47,36800.864999437115,Pune,Mass
494,29,59712.777909847806,Delhi,Mass
495,50,100628.8603656581,Bangalore,Affluent
496,47,77088.70467956475,Hyderabad,Mass
497,31,115235.88127810106,Pune,Affluent
498,47,45068.049385486316,Mumbai,Mass
499,55,23971.377077083092,Kolkata,Youth
500,62,66192.72899482236,Chennai,Mass
501,28,71774.56235499271,Kolkata,Mass
502,25,118682.955504852,Delhi,Affluent
503,32,108453.07472021497,Hyderabad,Affluent
504,50,78305.39736800734,Bangalore,Mass
505,57,87789.31780104271,Kolkata,Mass
506,46,54398.35921480871,Mumbai,Mass
507,42,32547.072151891432,Delhi,Mass
508,57,63504.154547815895,Mumbai,Mass
509,31,97859.37046578483,Pune,Mass
510,58,83131.6217482081,Chennai,Mass
511,30,90844.42159564549,Bangalore,Mass
512,45,48345.19693660983,Mumbai,Mass
513,56,52429.59919642332,Hyderabad,Mass
514,56,76245.42891807825,Pune,Mass
515,57,45558.217963858246,Pune,Mass
516,39,46265.02083546444,Bangalore,Mass
517,60,69493.68180839937,Pune,Mass
518,53,87592.65020003589,Hyderabad,Mass
519,45,54189.13268380546,Mumbai,Mass
520,44,33470.01590721729,Bangalore,Mass
521,53,41443.985291814744,Ahmedabad,Mass
522,58,66292.7648286809,Pune,Mass
523,33,65891.22016397245,Pune,Mass
524,34,67549.7112540438,Hyderabad,Mass
525,44,77702.88341830418,Chennai,Mass
526,46,60048.3457511598,Chennai,Mass
527,56,68358.96675943997,Kolkata,Mass
528,62,58541.231011948475,Pune,Mass
529,51,,Ahmedabad,Unknown
530,38,122537.33225102801,Mumbai,Premium
531,41,33040.66514071929,Bangalore,Mass
532,46,52700.173616189444,Pune,Mass
533,43,60861.87587526748,Delhi,Mass
534,34,52393.75291344219,Bangalore,Mass
535,40,146746.41317667966,Kolkata,Premium
536,57,66968.50003216561,Chennai,Mass
537,33,40027.18336766105,Ahmedabad,Mass
538,62,80677.9973626744,Pune,Mass
539,40,68561.55743703182,Hyderabad,Mass
540,33,69709.81884459814,Delhi,Mass
541,30,147847.7163441265,Pune,Premium
542,28,71352.85155776312,Ahmedabad,Mass
543,49,51439.89090366893,Kolkata,Mass
544,35,22524.56537009171,Mumbai,Youth
545,52,55121.796127731104,Delhi,Mass
546,40,115034.2234929641,Kolkata,Affluent
547,37,57206.078558206515,Pune,Mass
548,26,19535.235266326497,Mumbai,Youth
549,56,46668.22493843671,Delhi,Mass
550,33,98355.55158529429,Mumbai,Mass
551,46,,Mumbai,Unknown
552,42,39342.45724533298,Delhi,Mass
553,57,45132.4875880969,Delhi,Mass
554,44,48759.02904464812,Mumbai,Mass
555,37,42986.57403033603,Kolkata,Mass
556,60,21702.07302626898,Ahmedabad,Youth
557,63,87710.38183443146,Chennai,Mass
558,60,112255.18300972616,Delhi,Affluent
559,35,28022.85000664021,Pune,Youth
560,52,111516.34669796376,Bangalore,Affluent
561,26,56868.018626877754,Hyderabad,Mass
562,56,110477.39115616714,Mumbai,Affluent
563,44,61021.114227718645,Mumbai,Mass
564,50,64072.6129205401,Hyderabad,Mass
565,64,72129.42281757243,Chennai,Mass
566,32,40334.676517069136,Hyderabad,Mass
567,39,108807.66618316318,Delhi,Affluent
568,33,34177.05122354131,Hyderabad,Mass
569,30,,Mumbai,Unknown
570,31,77818.33406929817,Hyderabad,Mass
571,65,46416.13337174418,Bangalore,Mass
572,38,88323.86487030392,Pune,Mass
573,59,119125.52958750323,Delhi,Affluent
574,28,99336.96142119895,Hyderabad,Mass
575,34,22741.400278080364,Mumbai,Youth
576,61,63762.68890169119,Kolkata,Mass
577,63,100141.68431531567,Pune,Affluent
578,30,30996.376098605942,Delhi,Mass
579,48,85974.43758038325,Mumbai,Mass
580,23,83594.28126564436,Chennai,Mass
581,26,32661.590172669836,Bangalore,Mass
582,50,90863.7429236521,Ahmedabad,Mass
583,58,68620.65740693951,Chennai,Mass
584,59,,Ahmedabad,Unknown
585,40,36932.37464841483,Bangalore,Mass
586,29,64541.78084966541,Hyderabad,Mass
587,22,25528.754490570576,Delhi,Youth
588,43,19177.71863241769,Hyderabad,Youth
589,38,64242.11125937394,Bangalore,Mass
590,28,103808.05038277096,Bangalore,Affluent
591,46,67945.99022255791,Bangalore,Mass
592,25,58004.56353248712,Ahmedabad,Mass
593,57,54515.09637345108,Pune,Mass
594,27,37373.50479016651,Mumbai,Mass
595,52,53587.41625331221,Delhi,Mass
596,40,73927.65317235854,Hyderabad,Mass
597,65,48165.04760669297,Hyderabad,Mass
598,60,87141.92818958883,Chennai,Mass
599,48,66038.12573863649,Ahmedabad,Mass
600,31,70156.9187696007,Bangalore,Mass
601,47,93370.5605295709,Kolkata,Mass
602,40,46010.37914802498,Bangalore,Mass
603,60,83257.23351136608,Bangalore,Mass
604,24,49353.385353996644,Kolkata,Mass
605,34,70951.88440886552,Hyderabad,Mass
606,49,43352.26910559054,Chennai,Mass
607,41,37973.66182269214,Mumbai,Mass
608,49,,Kolkata,Unknown
609,29,23327.774633504323,Ahmedabad,Youth
610,62,51630.41822389325,Pune,Mass
611,60,26817.541801108786,Delhi,Youth
612,22,88399.09554277343,Ahmedabad,Mass
613,24,101220.36978632372,Kolkata,Affluent
614,34,38871.802266563296,Mumbai,Mass
615,49,74173.07415106664,Hyderabad,Mass
616,46,93860.77599032012,Pune,Mass
617,54,94017.34930074,Pune,Mass
618,59,66651.00584799782,Pune,Mass
619,27,86435.37793128267,Bangalore,Mass
620,65,43275.1715422406,Delhi,Mass
621,53,62415.020144019334,Hyderabad,Mass
622,42,47403.355513641625,Hyderabad,Mass
623,37,41485.78067244587,Pune,Mass
624,42,60963.566591947885,Hyderabad,Mass
625,32,71236.82637681026,Delhi,Mass
626,58,107125.29224569145,Delhi,Affluent
627,57,68362.3671030474,Chennai,Mass
628,56,,Kolkata,Unknown
629,40,83003.79317389388,Kolkata,Mass
630,41,229524.98802719137,Chennai,Premium
631,39,24221.205732046685,Mumbai,Youth
632,62,42447.91468826047,Kolkata,Mass
633,35,125119.93374458612,Delhi,Premium
634,36,50211.20372609867,Delhi,Mass
635,52,93237.15395315184,Kolkata,Mass
636,22,67171.52904979276,Delhi,Mass
637,24,171545.05125143196,Chennai,Premium
638,37,34319.63047395891,Pune,Mass
639,44,110293.50032477634,Pune,Affluent
640,32,143600.53376793445,Hyderabad,Premium
641,33,36054.62979150931,Ahmedabad,Mass
642,31,,Ahmedabad,Unknown
643,53,,Pune,Unknown
644,37,60783.93379654407,Bangalore,Mass
645,29,52664.981969522596,Chennai,Mass
646,59,18008.930136564868,Delhi,Youth
647,33,74021.96332628511,Kolkata,Mass
648,45,64322.80955576142,Pune,Mass
649,49,125434.56243417984,Chennai,Premium
650,29,,Pune,Unknown
651,49,188234.1531000498,Mumbai,Premium
652,57,63165.98296718004,Delhi,Mass
653,47,56796.783466727604,Mumbai,Mass
654,29,54601.77523366053,Delhi,Mass
655,49,48060.0064974074,Chennai,Mass
656,49,19853.28059657474,Hyderabad,Youth
657,58,53632.0805904142,Pune,Mass
658,62,21291.700689587145,Pune,Youth
659,57,75058.0184124241,Bangalore,Mass
660,48,32207.990527149825,Kolkata,Mass
661,38,38285.77470131243,Mumbai,Mass
662,30,42842.88657170882,Pune,Mass
663,54,54042.84738961224,Chennai,Mass
664,41,60080.11060927444,Hyderabad,Mass
665,34,102974.82208326994,Kolkata,Affluent
666,49,44857.00099266714,Chennai,Mass
667,50,76120.51356062008,Mumbai,Mass
668,34,234552.2406328845,Bangalore,Premium
669,56,72306.93702864826,Pune,Mass
670,27,54707.44611344911,Chennai,Mass
671,39,40555.398151940586,Kolkata,Mass
672,26,54330.12972630088,Delhi,Mass
673,46,38441.38252373063,Hyderabad,Mass
674,23,68482.30798789069,Kolkata,Mass
675,31,63055.594543966545,Chennai,Mass
676,51,20310.44144197046,Hyderabad,Youth
677,26,59321.13900625253,Pune,Mass
678,54,102546.6561881541,Delhi,Affluent
679,22,,Bangalore,Unknown
680,39,43198.09231120164,Kolkata,Mass
681,53,30065.981035990546,Bangalore,Mass
682,32,23647.294246373556,Delhi,Youth
683,42,90732.83911023385,Hyderabad,Mass
684,47,54680.41252784531,Pune,Mass
685,46,88080.88165043412,Chennai,Mass
686,43,128754.38449673704,Delhi,Premium
687,48,94904.25710612544,Mumbai,Mass
688,34,45652.50868513392,Hyderabad,Mass
689,54,64371.98695761571,Bangalore,Mass
690,55,44029.43063729807,Kolkata,Mass
691,62,42018.10049942792,Delhi,Mass
692,56,71069.07576769259,Bangalore,Mass
693,22,39491.986561252765,Hyderabad,Mass
694,42,19839.381192447505,Bangalore,Youth
695,27,38404.351487259584,Delhi,Mass
696,49,51357.148946476846,Hyderabad,Mass
697,38,128117.00781705107,Mumbai,Premium
698,26,46841.801377036674,Delhi,Mass
699,52,77339.65045131797,Chennai,Mass
700,26,55041.673814512746,Ahmedabad,Mass
701,59,110547.72110705226,Pune,Affluent
702,24,106782.37808945644,Delhi,Affluent
703,44,107805.88767534019,Hyderabad,Affluent
704,58,25159.937715917094,Kolkata,Youth
705,58,66394.00356446794,Pune,Mass
706,31,87506.58267268255,Delhi,Mass
707,31,72458.50131413079,Mumbai,Mass
708,40,82314.13839931139,Kolkata,Mass
709,38,61646.73223897976,Mumbai,Mass
710,42,41258.31291356691,Chennai,Mass
711,35,25628.269729660202,Kolkata,Youth
712,30,43356.64621472855,Bangalore,Mass
713,22,228445.95414698235,Ahmedabad,Premium
714,34,46965.77443697585,Kolkata,Mass
715,25,22478.28221028363,Pune,Youth
716,22,86363.86864639234,Kolkata,Mass
717,61,91833.27689573626,Hyderabad,Mass
718,53,113966.77016175681,Ahmedabad,Affluent
719,55,75772.3895907124,Hyderabad,Mass
720,49,91381.72180880084,Bangalore,Mass
721,52,150257.9206410538,Kolkata,Premium
722,29,41244.09598855594,Mumbai,Mass
723,60,37349.49416218546,Mumbai,Mass
724,47,34638.003669361045,Delhi,Mass
725,55,52423.760214937756,Chennai,Mass
726,24,122603.5441019391,Pune,Premium
727,33,77966.47330715282,Ahmedabad,Mass
728,22,76446.46541576265,Chennai,Mass
729,65,24109.133610479443,Kolkata,Youth
730,26,42336.572364028485,Chennai,Mass
731,51,23912.84840337014,Delhi,Youth
732,51,107540.51020292063,Chennai,Affluent
733,38,132299.45708687208,Ahmedabad,Premium
734,44,88413.80164280362,Bangalore,Mass
735,36,36556.232743220164,Delhi,Mass
736,58,125619.3079361425,Bangalore,Premium
737,42,52752.82186546437,Kolkata,Mass
738,35,32622.919080698215,Delhi,Mass
739,23,36967.62736976331,Kolkata,Mass
740,32,48287.1945936125,Kolkata,Mass
741,60,61376.92690730466,Chennai,Mass
742,59,,Bangalore,Unknown
743,55,29544.88144013294,Kolkata,Youth
744,59,109826.61836554024,Bangalore,Affluent
745,55,55531.01876527541,Bangalore,Mass
746,39,41903.434514245986,Delhi,Mass
747,51,104312.99033115382,Hyderabad,Affluent
748,36,33133.39303601505,Chennai,Mass
749,48,26517.360434339455,Kolkata,Youth
750,55,113124.43916125441,Bangalore,Affluent
751,59,154151.92557072005,Pune,Premium
752,54,47522.187711384104,Hyderabad,Mass
753,45,58513.62991262638,Kolkata,Mass
754,36,33747.70327046316,Pune,Mass
755,51,60038.79857405353,Chennai,Mass
756,63,47199.91487774439,Chennai,Mass
757,38,56893.46597168517,Bangalore,Mass
758,26,73469.7616037771,Bangalore,Mass
759,50,34576.42121562361,Ahmedabad,Mass
760,25,49965.81399083365,Ahmedabad,Mass
761,31,24297.02731455237,Kolkata,Youth
762,38,50136.58990559391,Delhi,Mass
763,31,57141.33073505545,Hyderabad,Mass
764,38,67137.04201080785,Kolkata,Mass
765,41,67493.61435123367,Hyderabad,Mass
766,45,94085.70257198159,Bangalore,Mass
767,26,27727.132914853377,Chennai,Youth
768,55,28477.269454234975,Bangalore,Youth
769,27,78001.15928552834,Chennai,Mass
770,23,21601.52863910936,Ahmedabad,Youth
771,34,65620.93834235333,Kolkata,Mass
772,64,33185.00944528289,Ahmedabad,Mass
773,64,131453.3507427145,Chennai,Premium
774,32,67861.63989238617,Bangalore,Mass
775,44,53659.93915838691,Ahmedabad,Mass
776,37,110620.47069141551,Mumbai,Affluent
777,52,35182.321197493926,Hyderabad,Mass
778,32,,Pune,Unknown
779,37,31865.289189699655,Chennai,Mass
780,29,38850.66166113858,Chennai,Mass
781,25,61732.005596806826,Mumbai,Mass
782,61,76647.78114468354,Kolkata,Mass
783,25,96829.87412865344,Kolkata,Mass
784,46,24043.93297481245,Kolkata,Youth
785,24,54943.93093934476,Pune,Mass
786,53,34403.64284475187,Delhi,Mass
787,24,54033.33523532242,Mumbai,Mass
788,48,,Pune,Unknown
789,50,69281.33973322215,Ahmedabad,Mass
790,53,93876.22944270975,Mumbai,Mass
791,40,159587.180179297,Chennai,Premium
792,42,105206.36924293409,Hyderabad,Affluent
793,26,47860.354102811616,Mumbai,Mass
794,39,31637.042900325123,Delhi,Mass
795,49,58978.47732534638,Bangalore,Mass
796,63,45077.88758883594,Ahmedabad,Mass
797,43,27937.896864351074,Pune,Youth
798,42,67539.13581131634,Ahmedabad,Mass
799,27,68387.35027650946,Ahmedabad,Mass
800,22,145010.0530141724,Mumbai,Premium
801,26,49967.0199401942,Mumbai,Mass
802,62,68875.83670061451,Delhi,Mass
803,33,42927.04357436329,Hyderabad,Mass
804,47,92650.04480862932,Mumbai,Mass
805,55,56257.300702141634,Mumbai,Mass
806,35,33313.04015542131,Hyderabad,Mass
807,47,59472.190110306314,Delhi,Mass
808,48,72784.7292245632,Pune,Mass
809,30,68025.41699829225,Ahmedabad,Mass
810,47,101007.32902027896,Pune,Affluent
811,43,29026.712740710373,Mumbai,Youth
812,51,39286.20447230979,Hyderabad,Mass
813,64,82445.57567939172,Mumbai,Mass
814,38,41662.86614846845,Kolkata,Mass
815,47,67523.81467684306,Bangalore,Mass
816,57,17856.580527871945,Pune,Youth
817,22,232808.91438927312,Kolkata,Premium
818,29,52320.35306127316,Chennai,Mass
819,56,108768.61753188763,Bangalore,Affluent
820,36,50592.118749633984,Mumbai,Mass
821,43,73669.87657991142,Delhi,Mass
822,35,126242.4853230765,Pune,Premium
823,47,107248.4097960831,Chennai,Affluent
824,49,54055.82080062324,Bangalore,Mass
825,44,55958.90367172767,Pune,Mass
826,35,98891.96593569306,Hyderabad,Mass
827,45,192263.51849071702,Delhi,Premium
828,23,65916.3199615822,Bangalore,Mass
829,47,159297.98078536545,Hyderabad,Premium
830,35,53066.05805203726,Kolkata,Mass
831,28,96372.88660512592,Mumbai,Mass
832,24,103837.024942065,Hyderabad,Affluent
833,44,48777.272118371926,Bangalore,Mass
834,64,41211.019383840096,Ahmedabad,Mass
835,39,106159.14278986788,Bangalore,Affluent
836,59,45900.052111669014,Ahmedabad,Mass
837,56,38285.44373012709,Kolkata,Mass
838,36,42532.35030900782,Mumbai,Mass
839,46,45807.05194222085,Ahmedabad,Mass
840,58,91886.42222388048,Ahmedabad,Mass
841,49,77460.33955202614,Hyderabad,Mass
842,31,85633.26722006504,Hyderabad,Mass
843,60,73916.3927353578,Mumbai,Mass
844,38,44492.67815956282,Hyderabad,Mass
845,60,84842.46203105795,Pune,Mass
846,43,108144.86104190219,Mumbai,Affluent
847,47,,Delhi,Unknown
848,65,74968.84853080465,Ahmedabad,Mass
849,46,40801.44378749928,Bangalore,Mass
850,38,66563.29240474445,Delhi,Mass
851,34,39730.69474340836,Ahmedabad,Mass
852,41,59159.121725143734,Pune,Mass
853,46,26366.951831610986,Ahmedabad,Youth
854,25,26468.76926050879,Ahmedabad,Youth
855,31,54419.40914835639,Ahmedabad,Mass
856,24,45514.22366396191,Kolkata,Mass
857,62,63157.923861815005,Pune,Mass
858,39,55972.49623690116,Chennai,Mass
859,57,60784.821694465456,Chennai,Mass
860,43,81170.2208982175,Chennai,Mass
861,55,,Mumbai,Unknown
862,29,,Hyderabad,Unknown
863,61,123934.76424862136,Pune,Premium
864,65,59966.54266424338,Delhi,Mass
865,40,54742.45131715556,Kolkata,Mass
866,63,,Delhi,Unknown
867,62,55233.10680801719,Delhi,Mass
868,58,41991.137098093925,Delhi,Mass
869,27,36351.294026634554,Kolkata,Mass
870,47,40875.425990247226,Chennai,Mass
871,55,92638.45297851606,Delhi,Mass
872,27,43697.55249958679,Kolkata,Mass
873,58,55411.23771920955,Kolkata,Mass
874,54,84996.73666563445,Hyderabad,Mass
875,43,52093.96648443103,Kolkata,Mass
876,42,82181.10245081481,Chennai,Mass
877,27,27711.519683772258,Delhi,Youth
878,27,56035.55395034279,Kolkata,Mass
879,25,62283.264949617624,Mumbai,Mass
880,51,60570.869886789136,Kolkata,Mass
881,32,26200.68019571123,Bangalore,Youth
882,51,109267.72290801884,Bangalore,Affluent
883,52,39052.552869666775,Bangalore,Mass
884,45,70793.22355713483,Kolkata,Mass
885,30,60113.04436550009,Chennai,Mass
886,24,98899.03516543585,Delhi,Mass
887,52,178750.17055097068,Pune,Premium
888,61,31407.995012797583,Pune,Mass
889,58,43284.204676331916,Pune,Mass
890,57,65811.26129162524,Chennai,Mass
891,45,34452.03484182617,Hyderabad,Mass
892,52,88529.51728022877,Ahmedabad,Mass
893,27,91279.93852682668,Mumbai,Mass
894,23,79199.44244940662,Mumbai,Mass
895,41,67392.6253969183,Bangalore,Mass
896,49,118759.34208415275,Bangalore,Affluent
897,32,33596.838832713926,Kolkata,Mass
898,25,61860.31248238615,Pune,Mass
899,36,41381.88756424666,Kolkata,Mass
900,27,93429.10256203247,Ahmedabad,Mass
901,51,23940.561127493587,Pune,Youth
902,59,59039.26837667056,Bangalore,Mass
903,23,70800.35852171174,Delhi,Mass
904,36,37281.55325559943,Hyderabad,Mass
905,32,43778.80100534389,Kolkata,Mass
906,29,60336.31804323223,Hyderabad,Mass
907,47,96524.11859450993,Hyderabad,Mass
908,65,35723.548983871005,Hyderabad,Mass
909,26,38978.87180848491,Bangalore,Mass
910,27,105113.27798033114,Mumbai,Affluent
911,47,52235.22214383357,Bangalore,Mass
912,25,40588.11140116536,Hyderabad,Mass
913,40,86192.84069398827,Bangalore,Mass
914,41,46906.029239443684,Hyderabad,Mass
915,54,100078.56111300555,Chennai,Affluent
916,41,42964.944221275815,Pune,Mass
917,33,55282.004524850614,Mumbai,Mass
918,22,96036.71379399872,Chennai,Mass
919,47,53469.65439618641,Delhi,Mass
920,35,87380.43327776606,Bangalore,Mass
921,59,57943.64600579162,Delhi,Mass
922,58,161271.7167646465,Kolkata,Premium
923,32,131188.34294647237,Bangalore,Premium
924,57,30821.009676934373,Ahmedabad,Mass
925,34,77739.73850001089,Ahmedabad,Mass
926,64,39806.99807911063,Pune,Mass
927,24,65890.75810099841,Chennai,Mass
928,54,61956.34571466896,Pune,Mass
929,27,35323.5970566637,Kolkata,Mass
930,31,101645.06528762079,Hyderabad,Affluent
931,26,66280.53025829593,Pune,Mass
932,44,51930.3398998575,Pune,Mass
933,31,48095.55729401285,Ahmedabad,Mass
934,65,64208.34623463865,Hyderabad,Mass
935,23,73420.79673660074,Ahmedabad,Mass
936,34,56247.2318230398,Bangalore,Mass
937,61,14526.650611533254,Hyderabad,Youth
938,23,60381.94154168647,Chennai,Mass
939,41,29122.285045325367,Pune,Youth
940,22,53920.91511585906,Ahmedabad,Mass
941,58,29664.842561512094,Hyderabad,Youth
942,30,29488.368677518636,Kolkata,Youth
943,38,111030.57701618789,Kolkata,Affluent
944,30,51019.03153898054,Pune,Mass
945,32,49102.68124285137,Chennai,Mass
946,36,,Delhi,Unknown
947,45,49746.96513745303,Ahmedabad,Mass
948,59,171425.32809253113,Chennai,Premium
949,56,52234.06355839986,Mumbai,Mass
950,51,71866.29846899402,Mumbai,Mass
951,52,,Mumbai,Unknown
952,26,133402.5613499178,Pune,Premium
953,65,41315.6619970316,Kolkata,Mass
954,35,48582.479854873076,Bangalore,Mass
955,32,113243.53296429623,Ahmedabad,Affluent
956,30,89772.2469061908,Kolkata,Mass
957,55,102496.91379950954,Bangalore,Affluent
958,33,,Bangalore,Unknown
959,56,129832.42727343853,Kolkata,Premium
960,56,40916.80870375902,Ahmedabad,Mass
961,22,65916.65955486236,Pune,Mass
962,61,55597.224570952465,Chennai,Mass
963,43,38590.39081040696,Bangalore,Mass
964,50,29546.841139554013,Delhi,Youth
965,29,25036.147052856857,Kolkata,Youth
966,32,63545.35634298298,Kolkata,Mass
967,62,27926.75460928474,Mumbai,Youth
968,58,33965.21536701302,Chennai,Mass
969,35,53690.000938730765,Mumbai,Mass
970,51,16004.028485431725,Kolkata,Youth
971,56,88387.85532814308,Kolkata,Mass
972,42,17944.804631423933,Bangalore,Youth
973,58,57602.071197856225,Chennai,Mass
974,26,60325.46587994499,Hyderabad,Mass
975,40,78357.02143883183,Delhi,Mass
976,35,58639.253062775795,Ahmedabad,Mass
977,47,164218.63872921554,Bangalore,Premium
978,25,66713.22184263167,Kolkata,Mass
979,46,101397.75193445722,Ahmedabad,Affluent
980,63,,Bangalore,Unknown
981,46,63600.613982514355,Delhi,Mass
982,39,129804.53844059249,Kolkata,Premium
983,61,53164.83378360853,Delhi,Mass
984,29,65914.74094833306,Ahmedabad,Mass
985,60,,Hyderabad,Unknown
986,61,41311.047614780844,Bangalore,Mass
987,35,,Pune,Unknown
988,53,68035.63063506914,Bangalore,Mass
989,59,,Mumbai,Unknown
990,54,30463.274355032965,Chennai,Mass
991,44,83709.68399405456,Chennai,Mass
992,36,83992.53406272936,Mumbai,Mass
993,54,19211.260499351083,Kolkata,Youth
994,46,,Chennai,Unknown
995,38,49123.146080208804,Delhi,Mass
996,54,54731.13378443555,Ahmedabad,Mass
997,23,41292.363867967724,Ahmedabad,Mass
998,35,40195.02851622618,Chennai,Mass
999,61,138101.11946988202,Chennai,Premium
1000,61,56739.19008243557,Mumbai,Mass
1001,60,42297.284634036725,Kolkata,Mass
1002,27,58654.24685140237,Hyderabad,Mass
1003,27,78318.99275850329,Chennai,Mass
1004,24,61439.80465392261,Pune,Mass
1005,28,54021.43572155144,Chennai,Mass
1006,29,43260.34461735576,Hyderabad,Mass
1007,63,42999.104860708845,Mumbai,Mass
1008,36,44404.48721689454,Hyderabad,Mass
1009,50,70927.05974356388,Mumbai,Mass
1010,54,36421.33301524199,Delhi,Mass
1011,51,72884.74317025718,Mumbai,Mass
1012,60,121357.66551612927,Delhi,Premium
1013,48,70463.75047503365,Delhi,Mass
1014,57,49771.96912374576,Mumbai,Mass
1015,50,31286.330549316634,Pune,Mass
1016,59,131801.64789320878,Bangalore,Premium
1017,54,33355.94094304308,Mumbai,Mass
1018,58,91517.09068257421,Chennai,Mass
1019,48,82393.26114210818,Pune,Mass
1020,54,53189.46867612746,Pune,Mass
1021,25,52496.96293817069,Chennai,Mass
1022,43,23912.207055280243,Bangalore,Youth
1023,23,70617.44578604019,Pune,Mass
1024,31,81630.9016697565,Delhi,Mass
1025,26,34733.50082804056,Ahmedabad,Mass
1026,31,55386.394882388275,Bangalore,Mass
1027,54,61018.413453873145,Kolkata,Mass
1028,59,80200.6031159061,Chennai,Mass
1029,34,59988.10299108747,Bangalore,Mass
1030,52,26551.46815866075,Mumbai,Youth
1031,57,45937.227100527416,Ahmedabad,Mass
1032,45,66990.95523009563,Bangalore,Mass
1033,36,91195.80443662932,Delhi,Mass
1034,50,43966.43123747369,Ahmedabad,Mass
1035,29,178764.5645568056,Mumbai,Premium
1036,26,23219.865564243282,Hyderabad,Youth
1037,50,45168.26025776215,Chennai,Mass
1038,25,57439.252970747555,Ahmedabad,Mass
1039,33,54156.074118416254,Chennai,Mass
1040,23,32335.754100179736,Bangalore,Mass
1041,48,74901.62567499898,Pune,Mass
1042,52,72081.09082190524,Mumbai,Mass
1043,57,61327.321432152195,Hyderabad,Mass
1044,57,70680.28308779372,Mumbai,Mass
1045,47,48441.48212241166,Chennai,Mass
1046,64,26670.63762783883,Mumbai,Youth
1047,48,41843.01117562566,Hyderabad,Mass
1048,26,64765.43248529867,Pune,Mass
1049,41,64949.947086844775,Bangalore,Mass
1050,32,61125.812938306146,Delhi,Mass
1051,31,78775.24950973374,Mumbai,Mass
1052,61,44775.97388233682,Ahmedabad,Mass
1053,59,60678.24607557972,Delhi,Mass
1054,27,79701.7155150678,Chennai,Mass
1055,29,57385.96789995778,Bangalore,Mass
1056,44,32155.475808386236,Kolkata,Mass
1057,47,37021.56335224558,Bangalore,Mass
1058,64,90710.2973960067,Mumbai,Mass
1059,33,120118.74587855408,Ahmedabad,Premium
1060,47,107757.8171092312,Pune,Affluent
1061,34,67243.6571047601,Bangalore,Mass
1062,61,32808.19789582025,Mumbai,Mass
1063,39,59684.29632303714,Mumbai,Mass
1064,46,130761.138288677,Delhi,Premium
1065,54,81572.2321066042,Bangalore,Mass
1066,61,53974.1894783568,Mumbai,Mass
1067,64,81986.72446903432,Delhi,Mass
1068,33,31739.028853755783,Ahmedabad,Mass
1069,65,42284.011340035206,Hyderabad,Mass
1070,57,34818.50594647727,Ahmedabad,Mass
1071,25,75719.11437277363,Kolkata,Mass
1072,26,85566.72413915691,Delhi,Mass
1073,58,55441.68277019109,Delhi,Mass
1074,29,38697.68900610164,Mumbai,Mass
1075,63,59285.82118240966,Chennai,Mass
1076,49,46943.97059993906,Chennai,Mass
1077,52,40211.75511480546,Pune,Mass
1078,30,70933.41099637492,Chennai,Mass
1079,50,,Delhi,Unknown
1080,35,27359.665164389844,Pune,Youth
1081,61,30575.146890695083,Ahmedabad,Mass
1082,62,26859.363331933087,Mumbai,Youth
1083,43,67761.9399262453,Ahmedabad,Mass
1084,32,64550.472689328824,Bangalore,Mass
1085,44,62960.325136529194,Kolkata,Mass
1086,22,80327.38104949577,Kolkata,Mass
1087,58,108660.04432818691,Delhi,Affluent
1088,42,44527.69947360597,Delhi,Mass
1089,47,73367.67618227392,Pune,Mass
1090,57,27178.792109368962,Mumbai,Youth
1091,44,119295.02112384546,Hyderabad,Affluent
1092,22,32131.250806080097,Delhi,Mass
1093,61,,Hyderabad,Unknown
1094,36,44406.68246808874,Ahmedabad,Mass
1095,42,27913.46594246642,Hyderabad,Youth
1096,30,60857.34444725458,Chennai,Mass
1097,30,66632.78043090847,Mumbai,Mass
1098,31,54463.888489223136,Kolkata,Mass
1099,47,27719.0777898076,Kolkata,Youth
1100,62,161408.40635182068,Hyderabad,Premium
1101,56,78795.83335566444,Kolkata,Mass
1102,46,223487.557830729,Ahmedabad,Premium
1103,47,40032.43902495328,Mumbai,Mass
1104,32,96658.66307476445,Chennai,Mass
1105,59,88400.85704846171,Mumbai,Mass
1106,23,51777.576501365256,Delhi,Mass
1107,28,121239.77199116282,Hyderabad,Premium
1108,39,48888.378864810395,Mumbai,Mass
1109,48,49988.80154811118,Ahmedabad,Mass
1110,55,10554.262165304168,Kolkata,Youth
1111,48,73461.30080429511,Bangalore,Mass
1112,38,30860.892429840853,Mumbai,Mass
1113,64,45462.33237357036,Hyderabad,Mass
1114,65,35842.52012582259,Chennai,Mass
1115,45,49855.50648340522,Kolkata,Mass
1116,46,74752.66293065152,Chennai,Mass
1117,28,60208.6182605317,Hyderabad,Mass
1118,27,85376.02863662319,Kolkata,Mass
1119,45,112737.20477682064,Delhi,Affluent
1120,54,49791.622783362254,Kolkata,Mass
1121,50,47132.42061532526,Delhi,Mass
1122,64,96651.19288046242,Chennai,Mass
1123,43,100561.3878487798,Chennai,Affluent
1124,47,86707.48004287845,Hyderabad,Mass
1125,49,37194.29233484365,Delhi,Mass
1126,42,,Chennai,Unknown
1127,28,63242.720055178244,Delhi,Mass
1128,38,101342.83671299927,Chennai,Affluent
1129,41,44961.59478931726,Kolkata,Mass
1130,62,26021.92821481112,Mumbai,Youth
1131,41,84551.69489473908,Ahmedabad,Mass
1132,43,16660.83123229525,Bangalore,Youth
1133,49,41532.98866559784,Ahmedabad,Mass
1134,61,35896.757294594114,Kolkata,Mass
1135,28,35776.00386496578,Pune,Mass
1136,22,41170.78840310636,Ahmedabad,Mass
1137,53,110049.63660682879,Mumbai,Affluent
1138,34,,Pune,Unknown
1139,51,52793.040854191015,Chennai,Mass
1140,44,105536.45697295152,Bangalore,Affluent
1141,40,35201.76218534586,Bangalore,Mass
1142,53,32887.84143249215,Chennai,Mass
1143,51,92207.64554822813,Chennai,Mass
1144,50,80003.17614347208,Delhi,Mass
1145,50,47565.75265395634,Chennai,Mass
1146,51,33937.285396036736,Hyderabad,Mass
1147,37,124227.01507608674,Ahmedabad,Premium
1148,61,25335.167379171315,Chennai,Youth
1149,40,44390.778363285266,Hyderabad,Mass
1150,39,67123.4180131372,Chennai,Mass
1151,22,147426.11355638967,Delhi,Premium
1152,35,72515.10079898451,Hyderabad,Mass
1153,23,76126.54698948361,Ahmedabad,Mass
1154,49,45040.08499562111,Mumbai,Mass
1155,51,79557.88211468625,Hyderabad,Mass
1156,59,63111.271418110875,Kolkata,Mass
1157,25,27058.804733876725,Delhi,Youth
1158,22,89006.74450041192,Pune,Mass
1159,29,,Ahmedabad,Unknown
1160,50,89472.13584160723,Hyderabad,Mass
1161,60,60880.241712181494,Kolkata,Mass
1162,24,37120.013791012,Kolkata,Mass
1163,53,18871.500149052248,Ahmedabad,Youth
1164,31,64765.400879516616,Ahmedabad,Mass
1165,31,102844.25442357217,Kolkata,Affluent
1166,40,98495.50922943774,Chennai,Mass
1167,55,90042.44251905858,Kolkata,Mass
1168,54,57693.195161115094,Chennai,Mass
1169,44,103128.6056614679,Pune,Affluent
1170,49,95042.63999424971,Delhi,Mass
1171,53,48469.17072416043,Bangalore,Mass
1172,28,83977.06529205511,Chennai,Mass
1173,50,45799.13242766016,Kolkata,Mass
1174,29,78433.94745000111,Kolkata,Mass
1175,22,31270.851412313154,Mumbai,Mass
1176,24,32496.708805392427,Kolkata,Mass
1177,45,101630.96318664274,Delhi,Affluent
1178,44,95681.48227818859,Hyderabad,Mass
1179,29,82191.3850073074,Hyderabad,Mass
1180,58,62566.44622090828,Kolkata,Mass
1181,24,18112.59414646561,Mumbai,Youth
1182,54,57674.01652591085,Chennai,Mass
1183,49,75138.74250256983,Delhi,Mass
1184,29,45827.213561912096,Mumbai,Mass
1185,55,41929.83493998979,Chennai,Mass
1186,56,123279.59614559505,Delhi,Premium
1187,53,58096.19814546477,Kolkata,Mass
1188,45,,Hyderabad,Unknown
1189,35,88173.85159030493,Delhi,Mass
1190,53,36289.41796896659,Kolkata,Mass
1191,64,65946.80501170155,Pune,Mass
1192,37,115823.4406531707,Bangalore,Affluent
1193,25,148688.9161963828,Delhi,Premium
1194,58,61081.737095604156,Bangalore,Mass
1195,42,53158.23051907183,Delhi,Mass
1196,35,68494.72637557506,Bangalore,Mass
1197,52,67630.78268278403,Pune,Mass
1198,39,119776.05058877231,Hyderabad,Affluent
1199,28,36381.08062371659,Ahmedabad,Mass
1200,31,52055.381356750455,Chennai,Mass
1201,28,34249.57163352337,Bangalore,Mass
1202,54,36096.549466282726,Pune,Mass
1203,44,72278.86252871662,Bangalore,Mass
1204,42,89763.06985005843,Hyderabad,Mass
1205,40,43273.86504508113,Bangalore,Mass
1206,40,88084.10665759433,Pune,Mass
1207,57,104379.57865726277,Kolkata,Affluent
1208,50,157527.1335970734,Pune,Premium
1209,39,61998.99315255978,Ahmedabad,Mass
1210,23,43482.6695384078,Ahmedabad,Mass
1211,22,36270.64568138933,Ahmedabad,Mass
1212,26,34513.416139626046,Mumbai,Mass
1213,41,111847.35855737823,Hyderabad,Affluent
1214,32,28069.878153061003,Kolkata,Youth
1215,63,110070.26821980123,Mumbai,Affluent
1216,23,38784.636681234355,Hyderabad,Mass
1217,24,42505.846113752086,Kolkata,Mass
1218,44,55504.66068388938,Bangalore,Mass
1219,33,42115.567481012746,Kolkata,Mass
1220,41,95414.88547332713,Pune,Mass
1221,26,148252.46973680428,Mumbai,Premium
1222,58,43100.24330585834,Bangalore,Mass
1223,59,48236.97298753669,Pune,Mass
1224,51,55179.10325430487,Hyderabad,Mass
1225,30,78474.45067976062,Kolkata,Mass
1226,55,55451.15712845357,Pune,Mass
1227,65,119805.95910356904,Bangalore,Affluent
1228,56,106224.70185849334,Mumbai,Affluent
1229,43,33099.346673262255,Mumbai,Mass
1230,65,77690.17517894611,Ahmedabad,Mass
1231,45,128049.17113850026,Kolkata,Premium
1232,38,46751.86968207343,Pune,Mass
1233,31,51682.14092176762,Ahmedabad,Mass
1234,51,45980.90594166173,Bangalore,Mass
1235,44,46465.35184578007,Ahmedabad,Mass
1236,53,25997.982661328933,Delhi,Youth
1237,38,30817.63975280407,Hyderabad,Mass
1238,38,62238.985528404846,Ahmedabad,Mass
1239,35,127618.2911673958,Hyderabad,Premium
1240,30,44060.5275504804,Bangalore,Mass
1241,61,43417.65126268505,Delhi,Mass
1242,23,140190.92677781454,Mumbai,Premium
1243,46,34402.04430587134,Kolkata,Mass
1244,60,26091.853512899288,Chennai,Youth
1245,30,39566.66627106331,Chennai,Mass
1246,43,42985.05433282818,Kolkata,Mass
1247,64,24991.060443747658,Bangalore,Youth
1248,25,56161.073124686845,Delhi,Mass
1249,47,96203.70745368341,Delhi,Mass
1250,50,31477.321499999627,Hyderabad,Mass
1251,55,62554.22812143297,Mumbai,Mass
1252,44,72981.97981537269,Pune,Mass
1253,58,57429.18269102982,Ahmedabad,Mass
1254,32,65699.48034119242,Delhi,Mass
1255,27,66082.7901615336,Kolkata,Mass
1256,39,39880.231203574745,Pune,Mass
1257,42,,Chennai,Unknown
1258,63,111734.23369713912,Pune,Affluent
1259,57,108548.86276170783,Mumbai,Affluent
1260,62,99393.08971636272,Kolkata,Mass
1261,59,27241.866140665134,Mumbai,Youth
1262,55,95132.99975356729,Pune,Mass
1263,38,83100.0609066063,Ahmedabad,Mass
1264,58,27770.739031384706,Bangalore,Youth
1265,46,53773.971202083965,Delhi,Mass
1266,59,68761.32468556458,Kolkata,Mass
1267,33,137607.20280284912,Bangalore,Premium
1268,44,86022.30731180464,Pune,Mass
1269,63,38859.860626117144,Delhi,Mass
1270,43,139761.7168808111,Hyderabad,Premium
1271,42,61199.229671667585,Bangalore,Mass
1272,48,52684.65056867737,Bangalore,Mass
1273,52,50840.11064840841,Pune,Mass
1274,27,26588.18919628038,Chennai,Youth
1275,48,56676.517364002466,Pune,Mass
1276,61,76783.31390384125,Bangalore,Mass
1277,55,49380.37397285751,Delhi,Mass
1278,33,73882.1280931163,Ahmedabad,Mass
1279,28,38863.254335281796,Chennai,Mass
1280,31,55800.384713968,Pune,Mass
1281,38,70141.51781867813,Ahmedabad,Mass
1282,47,65829.96695794244,Kolkata,Mass
1283,42,26829.772260435802,Pune,Youth
1284,49,48074.012266360514,Bangalore,Mass
1285,23,138514.66246180257,Ahmedabad,Premium
1286,64,46806.481356239135,Bangalore,Mass
1287,22,60349.24837743069,Hyderabad,Mass
1288,57,57332.453709035806,Ahmedabad,Mass
1289,47,131153.0026040853,Ahmedabad,Premium
1290,50,114140.34436165697,Pune,Affluent
1291,42,89658.69834349828,Bangalore,Mass
1292,32,36804.62675579678,Kolkata,Mass
1293,61,71653.08756101417,Mumbai,Mass
1294,32,79536.4647463605,Chennai,Mass
1295,57,42222.03762012989,Mumbai,Mass
1296,60,38744.39763144473,Chennai,Mass
1297,61,140435.9895572846,Kolkata,Premium
1298,56,51513.456505573195,Ahmedabad,Mass
1299,55,134253.94661659843,Ahmedabad,Premium
1300,45,98572.42909909275,Pune,Mass
1301,43,73419.02602678679,Hyderabad,Mass
1302,26,75076.71363107253,Bangalore,Mass
1303,54,29726.38219337776,Bangalore,Youth
1304,57,66395.68775569016,Bangalore,Mass
1305,41,121602.18370956306,Pune,Premium
1306,40,84176.38953562893,Chennai,Mass
1307,56,64677.47945923965,Ahmedabad,Mass
1308,64,140922.95448265568,Kolkata,Premium
1309,38,54583.102655932176,Bangalore,Mass
1310,64,43924.26423754456,Mumbai,Mass
1311,55,64661.15786144923,Bangalore,Mass
1312,30,87836.61184047036,Ahmedabad,Mass
1313,47,25364.42681061813,Pune,Youth
1314,23,69039.51644469792,Kolkata,Mass
1315,30,89784.93762567797,Hyderabad,Mass
1316,30,52322.36498130565,Kolkata,Mass
1317,61,104139.05820734025,Mumbai,Affluent
1318,38,82503.28017303547,Bangalore,Mass
1319,22,174676.60279631228,Bangalore,Premium
1320,46,41138.45267151983,Delhi,Mass
1321,64,90703.83570653864,Chennai,Mass
1322,61,36002.29790520515,Mumbai,Mass
1323,63,,Delhi,Unknown
1324,46,21638.611743978985,Kolkata,Youth
1325,60,78367.29872290249,Hyderabad,Mass
1326,56,65652.04025258133,Chennai,Mass
1327,24,47121.02030010723,Mumbai,Mass
1328,58,24667.647173993115,Bangalore,Youth
1329,65,42395.88933740641,Kolkata,Mass
1330,65,59996.79984335419,Mumbai,Mass
1331,51,89017.1817450052,Bangalore,Mass
1332,59,59381.15059118713,Ahmedabad,Mass
1333,55,67916.22038212263,Chennai,Mass
1334,33,,Ahmedabad,Unknown
1335,40,143574.89598441258,Ahmedabad,Premium
1336,58,35985.637440120656,Bangalore,Mass
1337,65,42208.66840444375,Hyderabad,Mass
1338,38,46808.54089461542,Kolkata,Mass
1339,31,78539.1259219225,Pune,Mass
1340,33,35616.70702134791,Bangalore,Mass
1341,37,64078.187428750825,Hyderabad,Mass
1342,45,65020.31715893047,Pune,Mass
1343,40,42311.78852039219,Kolkata,Mass
1344,29,70614.42554756487,Ahmedabad,Mass
1345,52,36173.8966479123,Chennai,Mass
1346,42,34250.722171560876,Chennai,Mass
1347,38,62931.54820652614,Kolkata,Mass
1348,44,26111.267555541952,Kolkata,Youth
1349,58,20488.082379248637,Mumbai,Youth
1350,37,78152.4472703043,Hyderabad,Mass
1351,27,101162.65755986953,Ahmedabad,Affluent
1352,29,47410.47337971977,Hyderabad,Mass
1353,46,42871.59112210081,Kolkata,Mass
1354,39,,Delhi,Unknown
1355,46,33766.71695985379,Delhi,Mass
1356,33,,Pune,Unknown
1357,36,85290.48773576395,Pune,Mass
1358,47,60145.33084820884,Delhi,Mass
1359,62,101970.45257311416,Kolkata,Affluent
1360,47,20534.610541408136,Kolkata,Youth
1361,53,29722.600780489953,Pune,Youth
1362,31,60304.74261306435,Bangalore,Mass
1363,37,73779.5483269532,Kolkata,Mass
1364,28,91445.50900312918,Delhi,Mass
1365,38,65343.214758032314,Hyderabad,Mass
1366,44,65012.027984825705,Kolkata,Mass
1367,47,49281.263076261566,Ahmedabad,Mass
1368,42,132647.75729033645,Kolkata,Premium
1369,43,34492.19247253795,Bangalore,Mass
1370,28,71647.25177520847,Pune,Mass
1371,35,36537.542868980236,Kolkata,Mass
1372,36,78228.49707715191,Chennai,Mass
1373,28,35649.52904749076,Mumbai,Mass
1374,30,86847.40127678822,Delhi,Mass
1375,29,63326.07644184529,Ahmedabad,Mass
1376,44,143246.1254338997,Ahmedabad,Premium
1377,50,52025.54757133255,Ahmedabad,Mass
1378,39,74049.05501161047,Chennai,Mass
1379,52,,Ahmedabad,Unknown
1380,51,51847.05931325316,Ahmedabad,Mass
1381,60,63125.162429956494,Pune,Mass
1382,56,27900.225180549187,Hyderabad,Youth
1383,39,29471.766990944372,Mumbai,Youth
1384,63,80815.9519314648,Chennai,Mass
1385,60,55656.6356859076,Mumbai,Mass
1386,38,,Delhi,Unknown
1387,35,41419.49363705275,Pune,Mass
1388,52,42224.48741112567,Kolkata,Mass
1389,45,63340.19238993557,Hyderabad,Mass
1390,56,74795.86876763431,Pune,Mass
1391,65,21035.071291159606,Mumbai,Youth
1392,55,121347.91488879864,Chennai,Premium
1393,24,117107.82627527497,Delhi,Affluent
1394,58,18669.988456170468,Delhi,Youth
1395,64,103049.35715990495,Pune,Affluent
1396,61,101479.22996784118,Kolkata,Affluent
1397,47,59887.479991733024,Chennai,Mass
1398,44,31301.324410187022,Kolkata,Mass
1399,65,99470.2661508501,Kolkata,Mass
1400,60,53070.92294995486,Ahmedabad,Mass
1401,36,78781.96837318756,Chennai,Mass
1402,25,181607.06271234772,Mumbai,Premium
1403,50,67908.62804198045,Pune,Mass
1404,43,37856.487867142474,Pune,Mass
1405,46,50621.643579166725,Ahmedabad,Mass
1406,34,40347.20167045852,Bangalore,Mass
1407,39,74365.31074949357,Pune,Mass
1408,54,40013.261699083436,Delhi,Mass
1409,37,47267.31348768603,Mumbai,Mass
1410,63,31501.322649215494,Chennai,Mass
1411,65,56047.59375453582,Pune,Mass
1412,23,65406.53111814574,Mumbai,Mass
1413,56,15640.296573839978,Ahmedabad,Youth
1414,63,,Pune,Unknown
1415,55,58521.523255487526,Chennai,Mass
1416,51,40843.543160230074,Hyderabad,Mass
1417,34,165101.29310569505,Chennai,Premium
1418,34,96687.38943664575,Chennai,Mass
1419,39,34606.56756062379,Chennai,Mass
1420,53,91045.8440838947,Pune,Mass
1421,53,111552.32451983498,Bangalore,Affluent
1422,56,63959.82694755648,Chennai,Mass
1423,60,71734.06500788333,Ahmedabad,Mass
1424,50,70910.46709724926,Delhi,Mass
1425,50,21101.345190543776,Delhi,Youth
1426,65,54533.212656224125,Ahmedabad,Mass
1427,37,53132.47376717034,Mumbai,Mass
1428,65,122403.44796103907,Bangalore,Premium
1429,31,70746.89529461175,Mumbai,Mass
1430,51,51595.74665686441,Ahmedabad,Mass
1431,46,57235.95876021013,Delhi,Mass
1432,60,99876.80852741849,Kolkata,Mass
1433,41,54595.550644080264,Delhi,Mass
1434,26,42230.67929723508,Hyderabad,Mass
1435,22,52164.05335142461,Chennai,Mass
1436,51,95831.62956213659,Kolkata,Mass
1437,24,76732.64014265971,Delhi,Mass
1438,35,61214.1705525643,Pune,Mass
1439,51,65891.8242435734,Pune,Mass
1440,25,45257.72999703432,Mumbai,Mass
1441,39,54340.51171123079,Kolkata,Mass
1442,58,42973.88304534669,Mumbai,Mass
1443,46,51668.84966132026,Chennai,Mass
1444,22,117370.295152957,Chennai,Affluent
1445,36,,Hyderabad,Unknown
1446,30,42431.28261855166,Ahmedabad,Mass
1447,36,,Ahmedabad,Unknown
1448,45,28696.935567812096,Bangalore,Youth
1449,25,54535.87619577096,Mumbai,Mass
1450,33,43967.03418830896,Chennai,Mass
1451,58,144472.50121236607,Ahmedabad,Premium
1452,58,51978.046561544616,Mumbai,Mass
1453,64,114084.92791374322,Chennai,Affluent
1454,27,97149.20168915857,Delhi,Mass
1455,60,53934.35416344121,Mumbai,Mass
1456,45,171968.70490991,Delhi,Premium
1457,32,68477.944426753,Mumbai,Mass
1458,34,127580.73169968596,Bangalore,Premium
1459,55,120366.73012317071,Hyderabad,Premium
1460,46,73668.01483208784,Pune,Mass
1461,28,87165.63375510168,Ahmedabad,Mass
1462,25,,Pune,Unknown
1463,29,33788.28028805552,Pune,Mass
1464,41,61614.048108239724,Delhi,Mass
1465,50,102449.33031781515,Kolkata,Affluent
1466,31,128424.07577295392,Chennai,Premium
1467,64,41759.41292231531,Pune,Mass
1468,55,77996.22061987821,Bangalore,Mass
1469,47,64565.47515869872,Pune,Mass
1470,62,56447.31293847228,Mumbai,Mass
1471,24,71539.23465483052,Delhi,Mass
1472,27,66769.3021557334,Kolkata,Mass
1473,26,78488.21651675136,Mumbai,Mass
1474,26,123113.05770052719,Kolkata,Premium
1475,44,88615.65335576223,Mumbai,Mass
1476,30,69933.18949181278,Mumbai,Mass
1477,56,152102.89755756746,Ahmedabad,Premium
1478,41,104293.54996946779,Hyderabad,Affluent
1479,63,57170.92710140962,Hyderabad,Mass
1480,56,32579.541168258478,Chennai,Mass
1481,39,36537.1437655058,Delhi,Mass
1482,38,95474.66698990078,Bangalore,Mass
1483,45,43688.65604759166,Bangalore,Mass
1484,24,36169.52749621467,Bangalore,Mass
1485,53,40984.832436009005,Ahmedabad,Mass
1486,56,42459.580017368826,Mumbai,Mass
1487,59,,Hyderabad,Unknown
1488,34,55360.90635122562,Delhi,Mass
1489,46,30146.15605056463,Mumbai,Mass
1490,30,60810.78571691868,Kolkata,Mass
1491,25,66911.9641348939,Hyderabad,Mass
1492,35,47114.2870913068,Hyderabad,Mass
1493,58,106717.72485490517,Pune,Affluent
1494,55,48510.257875702475,Pune,Mass
1495,32,104210.57006486753,Ahmedabad,Affluent
1496,62,80691.73154488,Delhi,Mass
1497,24,95158.8380659351,Kolkata,Mass
1498,49,34569.41392873466,Delhi,Mass
1499,50,62890.79547432147,Delhi,Mass
1500,30,58313.33038307985,Ahmedabad,Mass
1501,24,,Ahmedabad,Unknown
1502,46,104039.96310106217,Mumbai,Affluent
1503,55,39787.1610101925,Chennai,Mass
1504,33,44144.167267448334,Ahmedabad,Mass
1505,63,36074.52015370961,Delhi,Mass
1506,30,85015.86482319295,Pune,Mass
1507,36,,Chennai,Unknown
1508,61,81547.21040024718,Mumbai,Mass
1509,46,100937.52026044132,Chennai,Affluent
1510,26,78322.42299265623,Bangalore,Mass
1511,32,85503.64126589481,Kolkata,Mass
1512,55,87533.18300426712,Chennai,Mass
1513,45,37245.553093352675,Delhi,Mass
1514,36,122684.03275465802,Mumbai,Premium
1515,59,47570.2037668608,Kolkata,Mass
1516,29,57919.314471359445,Delhi,Mass
1517,26,50700.007668134574,Kolkata,Mass
1518,47,76555.48572000796,Pune,Mass
1519,39,45751.569605463286,Bangalore,Mass
1520,27,61911.29180310779,Pune,Mass
1521,58,32284.034252784753,Delhi,Mass
1522,34,107187.25217296698,Delhi,Affluent
1523,49,83731.4952449876,Delhi,Mass
1524,26,51733.98108972946,Hyderabad,Mass
1525,34,47354.8955978201,Bangalore,Mass
1526,38,82645.37337503559,Kolkata,Mass
1527,61,42039.011428038546,Ahmedabad,Mass
1528,53,63747.33497815308,Delhi,Mass
1529,50,107012.33570008534,Delhi,Affluent
1530,24,,Kolkata,Unknown
1531,61,71991.28971936798,Ahmedabad,Mass
1532,55,70112.9388811651,Pune,Mass
1533,61,57029.9353575624,Pune,Mass
1534,48,46541.757899808654,Delhi,Mass
1535,34,109907.95573524377,Mumbai,Affluent
1536,54,44409.810539810846,Hyderabad,Mass
1537,27,,Pune,Unknown
1538,45,82476.34433025871,Mumbai,Mass
1539,40,32838.2188575964,Hyderabad,Mass
1540,37,84621.23953582639,Delhi,Mass
1541,61,116710.48078962351,Bangalore,Affluent
1542,49,82032.84043657093,Chennai,Mass
1543,54,102304.16359283846,Chennai,Affluent
1544,62,164394.54067253138,Delhi,Premium
1545,34,97088.69598716917,Pune,Mass
1546,64,70635.39873336615,Mumbai,Mass
1547,46,135533.49600779562,Bangalore,Premium
1548,63,143973.9662701822,Kolkata,Premium
1549,57,144985.04695398023,Hyderabad,Premium
1550,48,46813.56275610559,Delhi,Mass
1551,59,30424.114733461913,Bangalore,Mass
1552,28,45406.19862421314,Ahmedabad,Mass
1553,26,85120.29820321572,Bangalore,Mass
1554,64,64833.613368134946,Pune,Mass
1555,52,54001.08983171632,Ahmedabad,Mass
1556,44,79240.33269696847,Hyderabad,Mass
1557,63,,Ahmedabad,Unknown
1558,31,64253.061366229784,Bangalore,Mass
1559,53,104739.20969678629,Pune,Affluent
1560,64,78799.17626323718,Ahmedabad,Mass
1561,51,84618.22186839658,Mumbai,Mass
1562,60,133077.4269022946,Pune,Premium
1563,52,57926.39069530449,Mumbai,Mass
1564,39,43193.88310110326,Mumbai,Mass
1565,57,108527.35297390954,Ahmedabad,Affluent
1566,23,107533.78062043538,Ahmedabad,Affluent
1567,35,79153.62294215492,Kolkata,Mass
1568,34,55260.547144754135,Kolkata,Mass
1569,50,59915.458674290225,Bangalore,Mass
1570,33,31622.163298465035,Pune,Mass
1571,60,104450.9920832295,Kolkata,Affluent
1572,23,102623.85142843756,Mumbai,Affluent
1573,53,31074.990938148992,Kolkata,Mass
1574,34,92393.88187403246,Hyderabad,Mass
1575,48,,Bangalore,Unknown
1576,62,35918.686156222466,Pune,Mass
1577,38,32761.191224291048,Pune,Mass
1578,61,72167.611835669,Chennai,Mass
1579,52,49077.10653569475,Pune,Mass
1580,55,148742.87532334097,Bangalore,Premium
1581,45,96403.63596093649,Hyderabad,Mass
1582,56,75875.30653594651,Pune,Mass
1583,27,77772.21416769929,Chennai,Mass
1584,40,116475.19259140707,Bangalore,Affluent
1585,51,91423.61061076085,Mumbai,Mass
1586,28,76870.94219404868,Delhi,Mass
1587,31,36675.68982069663,Delhi,Mass
1588,62,276778.68167873955,Mumbai,Premium
1589,53,34489.44524712475,Kolkata,Mass
1590,55,51211.97300533479,Pune,Mass
1591,49,,Ahmedabad,Unknown
1592,36,78385.87931861253,Delhi,Mass
1593,51,64573.23071304397,Kolkata,Mass
1594,58,87784.32379291224,Delhi,Mass
1595,50,25096.086194299154,Mumbai,Youth
1596,43,104448.85802365883,Pune,Affluent
1597,25,39985.90513066506,Pune,Mass
1598,41,55575.481364150735,Kolkata,Mass
1599,53,95395.39962757933,Mumbai,Mass
1600,57,68229.57098860845,Kolkata,Mass
1601,25,70683.77101287225,Pune,Mass
1602,48,89285.05627827063,Ahmedabad,Mass
1603,38,74190.7916698217,Pune,Mass
1604,33,50485.73240570789,Bangalore,Mass
1605,43,55092.31082141056,Ahmedabad,Mass
1606,38,66565.34257498432,Kolkata,Mass
1607,31,38262.36110635028,Bangalore,Mass
1608,22,98518.9633247998,Mumbai,Mass
1609,43,69170.30737895923,Hyderabad,Mass
1610,47,62155.09881006795,Delhi,Mass
1611,39,108689.2616668275,Bangalore,Affluent
1612,35,56384.139217819684,Delhi,Mass
1613,50,54654.64587477926,Chennai,Mass
1614,33,46989.78976256564,Mumbai,Mass
1615,57,71078.02558099916,Hyderabad,Mass
1616,56,69858.36081056387,Chennai,Mass
1617,33,,Chennai,Unknown
1618,28,54783.975453589796,Pune,Mass
1619,50,43053.50251330111,Chennai,Mass
1620,32,42090.01310378237,Mumbai,Mass
1621,54,25211.388200515277,Bangalore,Youth
1622,27,53345.498326440735,Mumbai,Mass
1623,36,25562.79791158021,Bangalore,Youth
1624,53,47505.090696128784,Chennai,Mass
1625,32,44075.205821700736,Chennai,Mass
1626,44,101310.72199690701,Ahmedabad,Affluent
1627,47,36045.330173946466,Hyderabad,Mass
1628,55,40921.33350334067,Bangalore,Mass
1629,55,49475.75004339259,Chennai,Mass
1630,50,44798.421089703814,Pune,Mass
1631,25,118732.38792784019,Ahmedabad,Affluent
1632,38,33884.61357444359,Delhi,Mass
1633,56,49528.213233754184,Ahmedabad,Mass
1634,34,70688.10733008002,Hyderabad,Mass
1635,62,93022.0342527092,Mumbai,Mass
1636,60,49507.48860356601,Hyderabad,Mass
1637,36,22947.17696239609,Delhi,Youth
1638,50,55544.95040896984,Ahmedabad,Mass
1639,50,117714.11835459703,Bangalore,Affluent
1640,32,68947.02283732183,Mumbai,Mass
1641,53,67387.10318448642,Mumbai,Mass
1642,23,35189.07711549761,Bangalore,Mass
1643,35,33428.50322001922,Kolkata,Mass
1644,41,60416.69930788154,Kolkata,Mass
1645,43,29343.036470457708,Hyderabad,Youth
1646,32,88493.21055683897,Chennai,Mass
1647,48,39209.59928684367,Kolkata,Mass
1648,24,59140.50660888109,Hyderabad,Mass
1649,38,23321.163700729237,Kolkata,Youth
1650,65,49172.955469973014,Delhi,Mass
1651,49,33092.75735630913,Pune,Mass
1652,50,18751.36429833012,Chennai,Youth
1653,42,78505.27073740524,Hyderabad,Mass
1654,37,136023.0682127382,Pune,Premium
1655,58,105317.70205449052,Pune,Affluent
1656,41,84191.17164840663,Ahmedabad,Mass
1657,27,48675.90467158079,Kolkata,Mass
1658,40,89585.1737986444,Ahmedabad,Mass
1659,26,110406.75519203627,Bangalore,Affluent
1660,24,64113.543961192394,Delhi,Mass
1661,22,33117.592440528955,Delhi,Mass
1662,59,46644.385750464586,Delhi,Mass
1663,36,140273.34245794205,Chennai,Premium
1664,55,57677.81650529338,Mumbai,Mass
1665,56,11357.369871177209,Chennai,Youth
1666,46,28725.435630795524,Hyderabad,Youth
1667,45,48425.20145585533,Pune,Mass
1668,33,100499.96107912301,Pune,Affluent
1669,39,52231.38423692931,Ahmedabad,Mass
1670,36,101439.29578725657,Mumbai,Affluent
1671,65,46024.025068503055,Hyderabad,Mass
1672,37,22423.252083219515,Mumbai,Youth
1673,48,46827.19583440905,Pune,Mass
1674,29,71144.7989298121,Kolkata,Mass
1675,46,68252.89806732834,Chennai,Mass
1676,38,31966.575663075007,Delhi,Mass
1677,50,50231.716004353955,Pune,Mass
1678,29,229196.98723377608,Bangalore,Premium
1679,36,32317.546171833867,Delhi,Mass
1680,48,83313.1515321919,Pune,Mass
1681,28,20987.077092059746,Chennai,Youth
1682,24,92216.643854727,Mumbai,Mass
1683,50,38324.21822265152,Kolkata,Mass
1684,65,73206.83933342292,Kolkata,Mass
1685,45,31389.766122767367,Delhi,Mass
1686,24,69246.39743439545,Chennai,Mass
1687,41,38012.671822349235,Kolkata,Mass
1688,36,41876.32492038747,Kolkata,Mass
1689,46,,Hyderabad,Unknown
1690,51,48281.669869443715,Bangalore,Mass
1691,35,72416.5920520932,Delhi,Mass
1692,28,54425.02474028138,Mumbai,Mass
1693,38,61929.1854209637,Kolkata,Mass
1694,65,74797.76139771605,Hyderabad,Mass
1695,41,50261.30484729801,Chennai,Mass
1696,57,36387.300558666306,Kolkata,Mass
1697,30,45882.720571586135,Ahmedabad,Mass
1698,59,108832.96883872569,Bangalore,Affluent
1699,43,63455.01711978123,Mumbai,Mass
1700,23,39243.87944306779,Chennai,Mass
1701,45,73187.52809330437,Chennai,Mass
1702,29,75671.5688658018,Delhi,Mass
1703,32,77652.53992039817,Kolkata,Mass
1704,34,36720.16726291597,Delhi,Mass
1705,38,42565.71954777984,Mumbai,Mass
1706,29,42684.25482723017,Ahmedabad,Mass
1707,42,49994.888239149856,Kolkata,Mass
1708,39,78390.62284152581,Pune,Mass
1709,51,69431.25479321941,Kolkata,Mass
1710,39,72229.8358599449,Ahmedabad,Mass
1711,52,117831.34144072275,Pune,Affluent
1712,59,84494.81632909972,Chennai,Mass
1713,53,55776.013340628466,Delhi,Mass
1714,32,33125.45874087462,Bangalore,Mass
1715,46,41886.81990830068,Kolkata,Mass
1716,54,52530.40722532096,Bangalore,Mass
1717,59,90632.20692349067,Kolkata,Mass
1718,62,59061.46929222845,Chennai,Mass
1719,29,43126.89185857477,Delhi,Mass
1720,32,41504.35154120788,Mumbai,Mass
1721,43,57826.98970225948,Mumbai,Mass
1722,45,93432.4300825146,Mumbai,Mass
1723,62,132655.3450168034,Kolkata,Premium
1724,38,54020.32809895137,Kolkata,Mass
1725,33,58549.53397856527,Bangalore,Mass
1726,53,32631.36257025501,Delhi,Mass
1727,36,157880.90856616746,Ahmedabad,Premium
1728,37,29717.714087637512,Kolkata,Youth
1729,43,107562.90905412221,Delhi,Affluent
1730,49,49877.83643706968,Bangalore,Mass
1731,41,44369.90720942155,Kolkata,Mass
1732,54,34372.02253511288,Mumbai,Mass
1733,31,199790.4456939416,Mumbai,Premium
1734,61,66886.05718661244,Chennai,Mass
1735,53,60514.61702473188,Pune,Mass
1736,54,93280.48302308917,Hyderabad,Mass
1737,23,43242.69676536579,Ahmedabad,Mass
1738,54,59929.429718618216,Pune,Mass
1739,54,61584.663132848225,Kolkata,Mass
1740,62,46347.708643899576,Delhi,Mass
1741,34,,Kolkata,Unknown
1742,51,53673.398979412545,Delhi,Mass
1743,54,27541.07961760806,Delhi,Youth
1744,34,51495.58311618566,Pune,Mass
1745,47,67818.43474448871,Hyderabad,Mass
1746,43,38301.846406595,Chennai,Mass
1747,60,39843.02364070842,Pune,Mass
1748,23,45563.875652239905,Hyderabad,Mass
1749,59,110262.35274083109,Mumbai,Affluent
1750,60,46930.40265590332,Mumbai,Mass
1751,47,122339.8992504775,Delhi,Premium
1752,36,44025.521591981575,Bangalore,Mass
1753,55,70439.33121187186,Kolkata,Mass
1754,63,47900.37742911154,Kolkata,Mass
1755,65,87294.39930128446,Delhi,Mass
1756,61,34230.17769500207,Bangalore,Mass
1757,32,86805.88863710486,Ahmedabad,Mass
1758,24,,Hyderabad,Unknown
1759,27,43477.72824570378,Ahmedabad,Mass
1760,30,55099.132870789195,Ahmedabad,Mass
1761,27,128917.43897635705,Mumbai,Premium
1762,30,64146.33601038258,Ahmedabad,Mass
1763,60,42135.082746362765,Kolkata,Mass
1764,52,32782.60631973269,Pune,Mass
1765,53,77087.94074254662,Bangalore,Mass
1766,62,66033.8404373928,Hyderabad,Mass
1767,33,84754.18016813189,Mumbai,Mass
1768,29,28821.808817297784,Ahmedabad,Youth
1769,29,33318.556518020065,Pune,Mass
1770,49,106238.26138766906,Bangalore,Affluent
1771,41,70662.53691453235,Delhi,Mass
1772,28,78174.6281452943,Delhi,Mass
1773,32,36999.38182099165,Delhi,Mass
1774,41,36662.37855749694,Kolkata,Mass
1775,37,98285.25836252645,Hyderabad,Mass
1776,25,100628.30182825518,Delhi,Affluent
1777,27,34746.71299633429,Kolkata,Mass
1778,43,31581.119981314903,Chennai,Mass
1779,47,56709.86807203426,Kolkata,Mass
1780,24,40147.91441974346,Mumbai,Mass
1781,62,39731.97509367541,Kolkata,Mass
1782,63,32026.240993478434,Hyderabad,Mass
1783,35,47371.83230428995,Pune,Mass
1784,32,33612.47741598553,Ahmedabad,Mass
1785,39,34623.902578215326,Kolkata,Mass
1786,33,69507.91592602435,Delhi,Mass
1787,44,58244.2633232054,Mumbai,Mass
1788,33,76300.84872727573,Bangalore,Mass
1789,34,26251.62792599823,Delhi,Youth
1790,46,60170.67009899951,Mumbai,Mass
1791,40,169027.84963746188,Chennai,Premium
1792,57,49705.14649133639,Ahmedabad,Mass
1793,29,90433.90245987514,Bangalore,Mass
1794,50,90039.47140971519,Chennai,Mass
1795,53,92281.53109597253,Pune,Mass
1796,65,65077.2850619264,Mumbai,Mass
1797,39,79462.6986666252,Chennai,Mass
1798,27,84923.5577290798,Ahmedabad,Mass
1799,39,82266.80913718393,Ahmedabad,Mass
1800,40,34244.83102227574,Pune,Mass
1801,43,25496.78790564987,Ahmedabad,Youth
1802,58,27534.86305766181,Mumbai,Youth
1803,53,52308.80564263143,Mumbai,Mass
1804,62,80576.58416259082,Ahmedabad,Mass
1805,24,34468.266262349105,Chennai,Mass
1806,49,95033.5464989981,Mumbai,Mass
1807,31,46577.01288813762,Delhi,Mass
1808,56,46799.24711092606,Ahmedabad,Mass
1809,50,39416.76459253528,Mumbai,Mass
1810,36,23332.600401175896,Hyderabad,Youth
1811,54,67148.1777258842,Pune,Mass
1812,28,140974.43719282004,Ahmedabad,Premium
1813,33,58027.234416980085,Mumbai,Mass
1814,51,23734.48135241414,Hyderabad,Youth
1815,42,88448.11658523738,Mumbai,Mass
1816,52,,Mumbai,Unknown
1817,45,32711.52697026605,Chennai,Mass
1818,41,53147.74277131884,Delhi,Mass
1819,58,63667.004158795615,Ahmedabad,Mass
1820,25,36158.52415648126,Pune,Mass
1821,49,52121.977495238614,Ahmedabad,Mass
1822,65,85612.03948082954,Delhi,Mass
1823,41,91682.74223156551,Bangalore,Mass
1824,45,111941.11027811797,Chennai,Affluent
1825,53,155547.95045885342,Chennai,Premium
1826,62,89764.4827329785,Delhi,Mass
1827,57,53724.893693758335,Kolkata,Mass
1828,55,92010.40022459556,Chennai,Mass
1829,57,75611.08035744367,Ahmedabad,Mass
1830,23,77125.05611273363,Delhi,Mass
1831,36,65421.70692449958,Chennai,Mass
1832,55,37948.0329544476,Mumbai,Mass
1833,57,35808.90183502643,Delhi,Mass
1834,27,57036.16957172609,Delhi,Mass
1835,60,64502.227554950565,Ahmedabad,Mass
1836,63,42628.551831271594,Hyderabad,Mass
1837,33,73988.9453825193,Chennai,Mass
1838,24,169461.8237836035,Chennai,Premium
1839,39,25030.106526281037,Delhi,Youth
1840,61,80107.29790104221,Mumbai,Mass
1841,42,57931.27594917683,Mumbai,Mass
1842,36,75006.32915320554,Pune,Mass
1843,54,48273.72277978688,Mumbai,Mass
1844,56,55657.385288008096,Chennai,Mass
1845,47,63879.27325255947,Kolkata,Mass
1846,29,51492.068147278995,Hyderabad,Mass
1847,57,27993.548203845698,Delhi,Youth
1848,51,53265.41283903867,Bangalore,Mass
1849,44,29489.312421905983,Hyderabad,Youth
1850,63,83000.05548646646,Ahmedabad,Mass
1851,65,23558.157955558097,Ahmedabad,Youth
1852,35,100140.27076330515,Kolkata,Affluent
1853,35,74219.44821250752,Bangalore,Mass
1854,23,74361.55161429523,Hyderabad,Mass
1855,58,20289.221553702006,Mumbai,Youth
1856,26,50802.4713474044,Chennai,Mass
1857,59,106593.91583110372,Kolkata,Affluent
1858,62,,Bangalore,Unknown
1859,35,34925.37512770195,Kolkata,Mass
1860,60,43549.99870292838,Hyderabad,Mass
1861,46,57864.606426647544,Chennai,Mass
1862,41,39117.09156330365,Kolkata,Mass
1863,23,110958.17594975917,Bangalore,Affluent
1864,60,57969.149045545106,Delhi,Mass
1865,27,45352.261682788034,Hyderabad,Mass
1866,38,31236.052532737856,Delhi,Mass
1867,46,76284.36661530533,Mumbai,Mass
1868,49,75420.40549998834,Delhi,Mass
1869,23,40291.489497352166,Delhi,Mass
1870,56,19571.613132592083,Pune,Youth
1871,58,73525.02436367053,Hyderabad,Mass
1872,26,54535.01788784591,Mumbai,Mass
1873,22,70829.83462738332,Delhi,Mass
1874,61,159306.8135535334,Ahmedabad,Premium
1875,33,59076.239175534545,Chennai,Mass
1876,57,46308.49458379682,Bangalore,Mass
1877,44,33736.614700803024,Delhi,Mass
1878,52,51215.070030508876,Mumbai,Mass
1879,32,64879.609814055206,Delhi,Mass
1880,31,61491.467866946055,Bangalore,Mass
1881,24,141737.59011013425,Mumbai,Premium
1882,35,76844.77697243153,Hyderabad,Mass
1883,37,55971.5925012997,Mumbai,Mass
1884,31,42054.41738191854,Hyderabad,Mass
1885,50,68414.24771811522,Mumbai,Mass
1886,31,38043.89565330317,Ahmedabad,Mass
1887,33,65507.213135678685,Kolkata,Mass
1888,51,76397.63074269019,Bangalore,Mass
1889,62,53732.5310054263,Bangalore,Mass
1890,22,43689.224772476715,Mumbai,Mass
1891,26,20077.429975221614,Kolkata,Youth
1892,41,106076.77073956994,Delhi,Affluent
1893,29,73251.22095899929,Bangalore,Mass
1894,64,74147.27824268493,Ahmedabad,Mass
1895,33,27428.114202395947,Hyderabad,Youth
1896,22,119362.37939757193,Hyderabad,Affluent
1897,41,47448.09077629079,Chennai,Mass
1898,49,51823.67388498758,Pune,Mass
1899,64,35078.95202887449,Kolkata,Mass
1900,58,24502.419195463855,Pune,Youth
1901,58,,Pune,Unknown
1902,33,113925.34958700104,Hyderabad,Affluent
1903,58,55118.23721539334,Ahmedabad,Mass
1904,65,42629.75297425631,Ahmedabad,Mass
1905,49,49586.69919860377,Chennai,Mass
1906,36,,Pune,Unknown
1907,27,32861.93049360551,Pune,Mass
1908,65,51734.09869304733,Mumbai,Mass
1909,41,64637.5633294416,Mumbai,Mass
1910,35,99616.05484689532,Mumbai,Mass
1911,23,60302.09240358444,Delhi,Mass
1912,30,27223.181369464775,Pune,Youth
1913,58,71451.48247722205,Ahmedabad,Mass
1914,41,52682.294965048255,Ahmedabad,Mass
1915,47,118800.96954040893,Delhi,Affluent
1916,50,122360.74673564525,Ahmedabad,Premium
1917,22,124520.68879401076,Chennai,Premium
1918,56,45215.98855262634,Kolkata,Mass
1919,27,161931.3140027138,Hyderabad,Premium
1920,58,71358.4647199568,Pune,Mass
1921,26,135021.6213620911,Ahmedabad,Premium
1922,54,46568.99210141246,Hyderabad,Mass
1923,35,51570.32201183028,Ahmedabad,Mass
1924,33,68666.2901843259,Kolkata,Mass
1925,63,,Mumbai,Unknown
1926,41,112129.07832654615,Pune,Affluent
1927,45,53312.992422739866,Bangalore,Mass
1928,64,107184.56083179293,Delhi,Affluent
1929,55,,Delhi,Unknown
1930,46,53814.80481324284,Pune,Mass
1931,50,83061.64390294321,Kolkata,Mass
1932,60,47257.53903939695,Mumbai,Mass
1933,52,193900.98089839463,Delhi,Premium
1934,64,15801.08424027405,Mumbai,Youth
1935,44,83823.74522568118,Chennai,Mass
1936,65,24777.767179220376,Hyderabad,Youth
1937,59,53485.80916200531,Kolkata,Mass
1938,41,57365.362262904804,Bangalore,Mass
1939,44,127238.27382217936,Hyderabad,Premium
1940,37,42358.479059574944,Hyderabad,Mass
1941,63,115151.73331786947,Chennai,Affluent
1942,29,33209.51399236951,Delhi,Mass
1943,42,117399.14010700166,Bangalore,Affluent
1944,22,47232.01752723729,Delhi,Mass
1945,29,62113.41453316897,Pune,Mass
1946,50,50605.2532190355,Hyderabad,Mass
1947,53,,Pune,Unknown
1948,59,103142.82133137707,Mumbai,Affluent
1949,26,74738.5169677871,Hyderabad,Mass
1950,43,33660.01144311668,Delhi,Mass
1951,55,41876.875910425435,Hyderabad,Mass
1952,22,35800.30662323471,Mumbai,Mass
1953,47,,Chennai,Unknown
1954,64,112494.43704611568,Pune,Affluent
1955,31,50822.18428822746,Ahmedabad,Mass
1956,51,50551.758837232366,Pune,Mass
1957,39,,Delhi,Unknown
1958,38,47193.22857117499,Hyderabad,Mass
1959,47,39330.852161769006,Delhi,Mass
1960,29,53510.17971027409,Chennai,Mass
1961,61,33984.69224277693,Hyderabad,Mass
1962,33,71123.84161187478,Ahmedabad,Mass
1963,48,49670.623499826266,Hyderabad,Mass
1964,29,46460.80322501731,Ahmedabad,Mass
1965,46,44491.276444853145,Delhi,Mass
1966,25,56777.15102437146,Delhi,Mass
1967,54,62426.214028980976,Mumbai,Mass
1968,22,46166.62695664791,Kolkata,Mass
1969,40,50041.954969461345,Kolkata,Mass
1970,52,57482.65830438853,Chennai,Mass
1971,37,54654.72407505442,Kolkata,Mass
1972,35,60811.730392832374,Mumbai,Mass
1973,26,42687.63583452388,Pune,Mass
1974,62,98942.72779178826,Ahmedabad,Mass
1975,47,62844.21019073613,Hyderabad,Mass
1976,49,46540.427552437606,Delhi,Mass
1977,23,71124.85328781405,Hyderabad,Mass
1978,27,57688.64853179797,Hyderabad,Mass
1979,30,25161.91504938388,Bangalore,Youth
1980,54,71002.92448543066,Pune,Mass
1981,62,35963.03551970837,Bangalore,Mass
1982,46,95531.74614688658,Kolkata,Mass
1983,34,,Hyderabad,Unknown
1984,30,88436.0657212751,Ahmedabad,Mass
1985,34,43690.707847334226,Delhi,Mass
1986,52,62004.64828590944,Ahmedabad,Mass
1987,62,109658.00434821265,Hyderabad,Affluent
1988,32,52338.720339723855,Pune,Mass
1989,25,44559.98110794233,Ahmedabad,Mass
1990,55,83076.7623441702,Bangalore,Mass
1991,59,82275.67667878082,Delhi,Mass
1992,25,45507.181756813974,Hyderabad,Mass
1993,59,,Chennai,Unknown
1994,40,44134.12233113479,Pune,Mass
1995,27,84009.04586052595,Pune,Mass
1996,55,40638.97682105419,Chennai,Mass
1997,39,59547.58867331012,Ahmedabad,Mass
1998,34,43099.10589654116,Hyderabad,Mass
1999,62,22786.33786143935,Pune,Youth
2000,44,42713.034552695266,Delhi,Mass
